,Top Level,Parent Hierarchy,Selective Access,Production Data,Managed By,Has Workflow,Properties,Subsets,Numbered,Display Name Property,Is Organization,Category,Data Tags,Item Count,Notes,Referenced in Applies To,Referenced as Format,Referenced in Formula,Next item index,Use Top Level As Default Page
Users,,,,true,,false,,,false,,false,,,65,,"'└ IP 10a. Verdeling naar grootboekrekening'.Filter Zero, '└ IP 10b. Verdeling naar grootboekrekening - Import', '└ IP 10e. Maand FTE Verdeling naar KP'.afdeling filter test, '└ IP 21a. Input KPI''s - Months'.Afdeling filter, 'IP 25.  IC allocation naar kostenplaats'.Afdeling FIlter, 'CA 11. Verdeling naar Grootboekrekening overzicht'.Filter Zero, 'CA 14. FTE Versie Variance', 'CA 16. Controle Dekking Uren'.Filter afdeling, 'CA 23. Berekend UMDT op L3++ Thema''s'.Filter COE, 'CA 23. Berekend UMDT op L3++ Thema''s'.'COE - Euros Filter', 'CA 23. Berekend UMDT op L3++ Thema''s'.Thema Filter, '└  CA 23a. Allocatie naar Kostenplaats Thema L3 +'.COEA, 'RP 03. DB / TS Overview'.Filter, 'RP 13. UMDT - Afdeling'.Afdeling Filter, 'RP 13. UMDT - Afdeling'.Thema Filter, 'RP 15. UMDT - Afdeling E/G Regio OPEX'.Afdeling Filter, 'RP 15. UMDT - Afdeling E/G Regio OPEX'.Thema Filter, 'RP 18. KPI Waarde over years'.Afdeling filter, 'RP 26. Calculatie seizoenspatronen Totaal', 'RP 21. COEA Versie Variance Totals', 'RP 22. COEA Versie Variance', 'RP 24. FTE Versie Variance Totals', 'FI 03. User Filter Years II', 'FI 02. User Filter Years', 'FI 12. FIlter DB/TS'.'Filter DB/TS', 'FI 08. Versie vergelijking', 'FI 07. User filters - General', '└ FI 07a. User Filters - MJP Drivers L6', '└ FI 07b. User Filters - MJP Drivers L6 & Time', '└ FI 07c. User Filters - Afdeling L5', '└ FI 07d. User Filters - Afdeling L5 SS', '└ FI 07d. User Filters - Afdeling L5 DB/TS', '└ FI 07e. User Filters - KPI', '└ FI 07f. User Filters - Account', '└ FI 07g. User Filters - COEA', '└ FI 07h. User Filters - Kostencategorie', '└ FI 07i. User Filters - COEA-KP-ACC', '└ FI 07j. User Filters - Import Scenario', '└ FI 07k User Filters - Subafdeling L6', '└  FI 07l. User Filters - Tafel L2', '└  FI 07m. User Filters - Activiteit L4 + (UMD)', '└  FI 07n. User Fitlers - Afdeling + Support list', '└  FI 07p. User Filters - Accounts Active SS', '└  FI 07q. User Filters -Kostensoort', '└  FI 07r. User Filters - Thema L3++ & Afdeling', '└  FI 07s. User Filters - COEA Euros', '└  FI 07t. User Filters - Thema', '└  FI 07t. User Filters - Thema L3++', '└ FI 07u. User Filters - MJP Drivers L6 - Budget', '└ FI 07v. User Filters - KPI_Afdelingen', '└ FI 07w. User Filters - Dummy Afdelingen', '└ FI 07x. User Filters - Allocation Thema/Afdeling/COEA', '└ FI 07y. User Filters - Allocation Activiteiten/Afd./COEA', '└ FI 07z. User Filters - Inflation Selection IP10d', '└ FI 07aa. User Filters - Inflation List Selection', '└ FI 07ab. User Filters - Inflation Selection RP20', '└ FI 07ac. User Filters - Suppress Zeroes RP14', '└ FI 07ad. User Filters - Suppress Zeroes RP13', '└ FI 07ae. User Filters - Suppress Zeroes CA 35c', '└ FI 07af. User Filters - Suppress Zeroes IP 10a NEW', '└ FI 07ag. User Filters - Suppress Zeroes OPEX', '└ FI 07ah. User Filters - Suppress Zeroes CAPEX', '└ FI 07ai. User Filters - Activiteit_kostenplaats', '└ FI 07aj. User Filters - Suppress Zeroes RP15', '└ FI 07ak. User Filters - Suppress Zeroes IP 35', '└ FI 07al. User Filters - Suppress Zeroes RP 29', '└ FI 07am. Suppress Zeroes CA 35e.', '└ FI 07an. User Filters MJP Versions - COEA-MJP-ACC', '└ FI 07ba. User Filters - Rekeningcategorie', '└ FI 07bb. User Filters - OPEX Type', '└ FI 07bc. User Filters - Product', '└ FI 07bd. User Filters - Regio', 'FI 09. Driver DB Filter', 'FI 11. Activiteit L4 +', 'FI 16. Filter Prestatiesoort'.Filter subset, 'FI 15. Netverder dashboarding', 'IM 14. Risico''s  & Kansen'.Filter afdeling, 'IM 16. Users', 'IM 37. SIP Activiteit L4 +'.'Tafel L2 Filter', 'IM 37. SIP Activiteit L4 +'.'Thema L3 Filter', 'IM 37. SIP Activiteit L4 +'.Afdeling Filter, 'IM 37. SIP Activiteit L4 +'.Dummy List for UMD, 'IM 37. SIP Activiteit L4 +'.'SS - Activiteit L4+ UMD', 'IM 43. KPI_Afdeling'.Afdeling Filter, 'IM 43. KPI_Afdeling'.'SPIN - KPI FIlter', 'IM 43. KPI_Afdeling'.KPI Cluster Filter, 'IM 43. KPI_Afdeling'.Fitler Verplicht KPI, 'MA 07. Kostenplaats L7 Aggregation mapping - Version based'.'Filter - Niet toegewezen Kostenplaats', 'MA 09. Account L12 aggregation mapping - Version based'.'Filter - Niet toegewezen Account', 'MA 11. Afdeling op L3++'.'Show selected Thema L3', 'MA 11. Afdeling op L3++'.'Filter Themas L3++ in afdeling', 'MA 12.  Afdeling op L4+'.Default Planning User Filter","'IP 22. Create KPI_Afdeling'.Aangemaakt door, 'IM 43. KPI_Afdeling'.Aangemaakt door","'IM 16. Users'.Voornaam, 'IM 16. Users'.Achternaam, 'IM 16. Users'.Bedrijf",325,true
MJP Versions L1,,,true,false,,false,,,false,,false,,,1,HV: Needed?,,'SEC 01. Version Access'.'Version L1',"'└ IP 10b. Verdeling naar grootboekrekening - Import'.'Waarde - collect', '└ IP 10b. Verdeling naar grootboekrekening - Import'.'Waarde - Collect [NEW]', '└ IP 10d. Calculatie seizoenspatronen'.Waarde in Kostenplaats, '└ IP 10d. Calculatie seizoenspatronen'.'Waarde in Account L12', '└ IP 10e. Maand FTE Verdeling naar KP'.Waarde in Kostenplaats, 'IM 34. SIP Activiteit L4'.Geen Q uit SIP?, 'IM 62 Kostenplaats'.Value in budget?",3,false
MJP Versions L2,,MJP Versions L1,true,true,,false,Display Name: Text,,true,Display Name,false,,,3,,"'LO 03. Load SPP Thema''s - FTE''s', 'LO 08. Import SIP Euro', 'DA 01 NEW. Load Plan from SIP', 'DA 03. SRT data Productieve uren', 'DA 30a. Actuals/LE Input UMDT', '└DA 30a. Actuals/LE/Budget Input Afdelingskosten', '└ DA 30b. Actuals/LE Input Formatie', '└ DA 30c. Actuals/LE Input Tafel/Thema', '└ DA 30d. Actuals/LE Input OPEX', '└ DA 30e. Actuals/LE Input Extern', 'DA 36. Loonkosten Afdeling', 'DA 37. Loonkosten Subafdeling', 'DA 01. Total Plan SIP', 'DA 07. Rapportage COEA', 'DA 28. Meerjarenplan Euros per jaar', '└ DA 28a. Meerjarenplan Euros Driver Selectie', '└ DA 28a NEW. Meerjarenplan Euros Driver Selectie', '└ DA 28b. Meerjarenplan Euros SIP Thema selectie', 'DA 29. Meerjarenplan FTEs per jaar', '└ DA 29a. Meerjarenplan FTEs Driver Selectie', '└ DA 31a. Historical Data Grootbookrekening'.Waarde version based, '└ DA 31a. Historical Data Grootbookrekening'.Waarde version based per maand, '└ DA 31b.  Historical Data Aggregated', 'DA 32. UMDT op Afdeling (L4+) -> Rekeningcategorie', 'DA 33 UMDT (L3+ ) op Kostenplaats -> Rekeningcategorie', 'IP 02. IAS16 kosten (cumulatief)', '└IP 02a. IAS16 naar maanden', 'IP 03. Risico & Kansen', '└IP 03a. Naar jaren', 'IP 05. Seizoenspatronen', 'IP 05. Seizoenspatronen - Copy', '└ IP 05a. Seizoenspatronen - Collect', '└ IP 05d. Seizoenspatronen Thema', 'IP 10. Verdeling naar kostenplaatsen', 'IP 10x1. NEW Afdelingkosten naar KP', 'IP 10x2. NEW Handmatig Verdeling naar KP', '└ IP 10a. Verdeling naar grootboekrekening', '└ IP 10a NEW. Verdeling naar grootboekrekening', '└ IP 10c. Selecteer seizoenspatroon', '└ IP 10d. Calculatie seizoenspatronen', '└ IP 10e. Maand FTE Verdeling naar KP', '└ IP 10f. - Gemiddeld tarief FTE per kostenplaatsen', '└ IP 10f. NEW - Jaar FTE tarief/uren per KP', 'IP 11. IC & Leenmonteurs input', '└ IP 11a. Invoer seizoenspatroon IC handmatig', 'IP 13. UMDT op Activiteiten', 'IP 14. Directe toeslagen', 'IP 15. Uurtarieven', 'IP 16. Invoer DB/TS kosten', '└ IP 16a. Invoer DB/TS allocatie', '└ IP 16b. Invoer DB/TS Inflatie', '└ IP 16c. Toeslagen percentages', 'IP 17. UMDT op Kostenplaats', 'IP 18. Doorbelasting & Toeslagen split', '└ IP 18a. Seizoenspatronen - DB/TS', '└ IP 18b. Seizoenspatronen Calculatie Maand', 'IP 19. UMDT op L3++ Thema''s', 'IP 20. UMDT Thema''s op Kostenplaats', 'IP 21. Input KPI''s - MJP', '└ IP 21a. Input KPI''s - Months', 'IP 24. Kostenplaats Doorbelasting Input', 'IP 25.  IC allocation naar kostenplaats', 'IP 26. Leenmmonteurs', 'IP 28. BAK, Subsidie, Overige Omzet', '└IP 28a. BAK, Subsidie Meerjarig', 'IP 29. Seizoenspatroon Activity L4+', 'IP 30. Seizoenspatroon Thema L3++', 'IP 31. Netverder', 'IP 32. Urenschrijvende FTE''s', 'IP 33. Loonkosten', 'IP 34. Personeelskosten naar grootboekrekening', 'IP 35. Personeelskosten handmatig naar grootboekrekening', 'IP 36. Verdeling FTEs naar prestatiesoorten', 'IP 37. Verdeling FTE niet prestatiesoort', 'IP 38. Loonkosten prestatiesoort', 'IP 39. Dekking % Prestatiesoorten', 'IP 40. Input Thema L3++ split', 'IP 41. Input Activiteit L4+ split', 'IP 42. IKT Budget', 'IP 43. IKT Growth', 'IP 44. Dummy Maand Allocatie', 'IP 45. Netverliezen Budget', 'IP 46. Netverliezen Future', 'IP 47. Netverliezen Eigenschappen', 'IP 48. KPI report creation input', 'CA 00. SIP Adjusted', '└CA 00a. SIP- Delta Analyse', 'CA 01. SIP - continued', 'CA 04. FTE naar COEA', 'CA 05. Risico & Kansen', 'CA 06. FTE kosten MJP', 'CA 07. Variante SIP/MJP', 'CA 11. Verdeling naar Grootboekrekening overzicht', 'CA 11 NEW. Verdeling naar Grootboekrekening', '└ CA 11a. Verdeling naar maand overzicht', '└ CA 11a NEW. Verdeling naar maand overzicht', 'CA 14. FTE Versie Variance'.'Collect FS05', 'CA 14. FTE Versie Variance'.Collect in startjaar, 'CA 16. Controle Dekking Uren', 'CA 16 NEW. Controle Dekking COEA', '└CA 16a. Controle UMD vs Thema', 'CA 17. Controle Volledigheid KP/GBR/Maand/Thema', 'CA 18. Invoer seizoenspatroon IC', 'CA 19. Rekeningcategorie Allocatie', '└ CA 19a. Rekening categorie verdeling', 'CA 20. Toeslag Direct', 'CA 21. Berekend UMDT op Activiteit', '└ CA 21a. Allocatie naar Kostenplaats Activiteit L4+', '└ CA 21a NEW. Allocatie naar CC Activiteit L4+ - Copy', '└ CA 21b. UMDT KPI''s', '└ CA 21c. UMDT + Inflatie (L4+)', '└  CA 21d. Activiteit_kostenplaats combinatie', 'CA 22. Berekening Doorbelastingen', '└ CA 22a. Berekening toeslagen', '└ CA 22a. Berekening toeslagen - Copy', '└ CA 22b. Collect toeslagen', '└ CA 22c. Collect indirecte toeslagen', 'CA 23. Berekend UMDT op L3++ Thema''s', '└  CA 23a. Allocatie naar Kostenplaats Thema L3 +', '└ CA 23b. UMDT Thema''s KPI''s', '└ CA 23c. UMDT + Inflatie (L3+)', 'CA 24. Budget Kosten uren uitvoeringskosten-TBD', 'CA 24. MJP Kosten uren uitvoeringskosten', 'CA 25. Budget Uren uitvoeringskosten', 'CA 25. MJP Uren uitvoeringskosten', '└ CA 25a. FTE & Uurtarief input', 'CA 26. Calculatie Toeslag Indirect', 'CA 27. IC Kostenplaats Waarde', 'CA 29. MJP naar Afdelingen', '└  CA 29a. MJP naar Afdeling Collect', 'CA 30. DB/TS naar Kostenplaats', 'CA 30a. DB/TS naar Afdeling', 'CA 31. Toeslag Direct MJP', 'CA 32. Toeslag Indirect MJP', 'CA 32xx. Toeslag Indirect MJP', 'CA 33. Toeslag indirect dekkings controle', 'CA 34. MJP naar thema''s', 'CA 34. MJP naar thema''s - Meerjarig', '└CA 34a MJP thema''s voor RP 10 11 12', 'CA 35. Monthly allocation thema L3 (aggregated)', '└CA 35a. Monthly allocation Activity L4+', '└CA 35b. Monthly allocation Activity L4+ to UMDT', '└CA 35c. Monthly allocation Activity L4+ to UMDT - Copy', '└CA 35d. Monthly allocation Thema L3++', '└CA 35e. Monthly allocation Thema L3++ to UMDT', '└CA 35f. Monthly allocation Thema L3++ to UMDT  to KP', '└CA 35g. Monthly allocation on thema L3', 'CA 36. Doorbelastingen naar Maand', 'CA 37. IC naar GBR/KP', 'CA 38. Toeslagen GBR', 'CA 39. Other Rekeningcategorie GBR', 'CA 42. Materiaal Staging Thema L3++', 'CA 43. Materiaal Staging Activiteit L4+', '└ CA 47a. Versturende Toeslag Indirect Staging', 'CA 49. PY and CY actual drivers', 'CA 48. Personeelskosten naar maand', 'CA 50. Monthly allocation key FSP', 'CA 51. Monthly allocation 5 years', 'CA 52. UMDT - Thema Regio EG', 'CA 53. UMDT - Activiteit Regio EG', 'CA 54. Bezettingsresultaat en dekkingsgraad', 'CA 55. Correctiefactor', 'CA 56. Opslag per uur', 'CA 57. Uurtarief Afdeling', '└CA 57a. Productieve uren', 'CA 58. Uurtarief Subafdeling', 'CA 59. IKT', 'CA 60. Netverliezen Allocatie', 'CA 61. Monthly allocation 5 years Opex/Capex', 'CA 62. MJP naar thema''s Opex/Capex', 'CA 99. Samenvatting', 'DA 04. Parameters FSP', 'DA 03. Inflatie', '└DA 03a. Inflatie (cumulatief)', '└DA 03b. Inflatie ( Merge)', 'CA XX. Inflatie Staging UMD', 'CA 40. BAK Inflatie + Meerjarig', 'CA 41. Netverder Inflatie', '└CA 41a. Netverder Inflatie - Naar rekeningcategori', 'CA 44. Inflatie Staging', 'CA 45. Doorbelasting inflatie staging', 'CA 46 Cost + Inflatie', 'CA 47. Toeslag Inflation Staging', 'RP 01. IC output', 'RP 03. DB / TS Overview', 'RP 06. samenvatting MJP', '└ RP 06a. samenvatting COEA', '└ RP 06b. Variantie Analyse', '└ RP 06c.TOTEX Analyse', 'RP 07. formatie ontwikkeling', '└ RP 07a. Variantie Analyse', 'RP 08. Formatie MJP', '└ RP 08a. Variantie Analyse', 'RP 09. Afdelingskosten', 'RP 10 MJP CAPEX - UMD', '└ RP 10a. MJP CAPEX - Specificatie', '└ RP 10a. MJP CAPEX - LIS Based', 'RP 11. MJP OPEX - UMD', '└ RP 11a. MJP OPEX - Specificatie', '└ RP 11a. MJP OPEX - LIS Based', 'RP 12. MJP EXTERN - UMD', '└ RP 12a. MJP Extern - Specificatie', 'RP 13. UMDT - Afdeling', 'RP 15. UMDT - Afdeling E/G Regio OPEX', 'RP 14. UMDT - Kostenplaats', 'RP 16. MJP Inflatie', 'RP 16 NEW. MJP Inflatie', 'RP 17. KPI Waarde report creation', 'RP 25. Leenmonteur overview', 'RP 18. KPI Waarde over years', '└ RP 18a. Powerpoint KPI''s Waarde', '└ RP 18b. Powerpoint KPI''s Master Data', 'RP 19. Risico & Kansen', 'RP 20. COEA tabel per kostenplaats', 'RP 26. Calculatie seizoenspatronen Totaal', 'RP 29. P&L Overzicht', 'RP 21. COEA Versie Variance Totals'.Waarde startjaar exclusief inflatie, 'RP 21. COEA Versie Variance Totals'.Waarde startjaar inclusief inflatie, 'RP 22. COEA Versie Variance'.Waarde startjaar exclusief inflatie, 'RP 22. COEA Versie Variance'.Waarde startjaar inclusief inflatie, 'RP 23. Controle Dekking Uren', 'RP 24. FTE Versie Variance Totals'.FTE startjaar, 'RP 27. Check report overview', 'RP 30. Controle DB en TS', 'RP 28. Controle Volledigheid GBR/Maand', 'FI 03. User Filter Years II', 'FI.05. Filter Input MJP', 'FI 06. Filter Version', 'FI 10. Activiteit L4 + > Afdelingen', 'FI 04. Read-Only', 'FI 14. Thema L3 filter Calculations', 'FI 18. Allocation Thema/Afdeling/COEA', '└ FI 07c. User Filters - Afdeling L5'.Filter Afdeling OPS SIP, '└  FI 07r. User Filters - Thema L3++ & Afdeling', '└ FI 07x. User Filters - Allocation Thema/Afdeling/COEA', '└ FI 07y. User Filters - Allocation Activiteiten/Afd./COEA', '└ FI 07ac. User Filters - Suppress Zeroes RP14', '└ FI 07ad. User Filters - Suppress Zeroes RP13', '└ FI 07ae. User Filters - Suppress Zeroes CA 35c', '└ FI 07af. User Filters - Suppress Zeroes IP 10a NEW', '└ FI 07ag. User Filters - Suppress Zeroes OPEX', '└ FI 07ah. User Filters - Suppress Zeroes CAPEX', '└ FI 07aj. User Filters - Suppress Zeroes RP15', '└ FI 07ak. User Filters - Suppress Zeroes IP 35', '└ FI 07al. User Filters - Suppress Zeroes RP 29', '└ FI 07am. Suppress Zeroes CA 35e.', '└ FI 07an. User Filters MJP Versions - COEA-MJP-ACC', 'FI 09. Driver DB Filter', 'FI 11. Activiteit L4 +', 'IM 99. Lookup lists'.December budget jaar, 'IM 34. SIP Activiteit L4'.'Afdeling (Version)', 'IM 34. SIP Activiteit L4'.Geen SIP Q geladen in versie?, 'IM 37. SIP Activiteit L4 +', 'MA 05. Automatische allocatie', 'MA 07. Kostenplaats L7 Aggregation mapping - Version based', 'MA 09. Account L12 aggregation mapping - Version based', 'MA 10. Afdeling op Thema''s of Activiteiten', 'MA 11. Afdeling op L3++', 'MA 12.  Afdeling op L4+', 'SET 01. Import Scenario Settings', '└ SET 01a. Import Scenario Settings Monthly', '└ SET 01b. Import Scenario Dashboard Settings', '└ SET 01c. Import Scenatio Dashboard Settings Monthly', 'SE 02. Filter Settings Staven', 'SE 03. Budget settings', 'SET 05. MJP Version Control', 'SET 07. Tijd x Version', 'SET 08. Tijd x Version x Dummy', 'SET 09. Dummy x Tijd x Version', 'DC 00. Data Checks', 'EX 02. Export plan to Powerapps financieel', 'EX 03. Export plan to Powerapps formatie', 'EX 04. Export plan to SAP financieel', 'SEC 01. Version Access', 'SEC 03. Subset Account L12 - Budget Access'.'Waarde per Versie en DA45', 'SEC 03. Subset Account L12 - Budget Access'.Waarde Dummy Versie","'└ FI 06a. Select Versie BWM'.Selecteer BWM Export versie, '└ FI 06a. Select Versie BWM'.Selecteer FSP versie SIP Import, 'FI 01. Filter no dimensions'.Select Versie Budget, 'FI 01. Select Versie Budget'.Selecteer Budget versie, 'FI 01. Select Versie Budget'.Selecteer BWM Export versie, 'FI 08. Versie vergelijking'.'Versie 1', 'FI 08. Versie vergelijking'.'Versie 2', 'FI 07. User filters - General'.FSP Version, 'FI 07. User filters - General'.'Versie 1', 'FI 07. User filters - General'.'Versie 2', 'IM 99. Lookup lists'.Export FSP, 'IM 99. Lookup lists'.Export AAC x UMD, 'SET 05. MJP Version Control'.Item, 'SET 05. MJP Version Control'.Export versie FSP, 'SET 05. MJP Version Control'.Vorige versie MJP?, 'SET 05. MJP Version Control'.Vorige versie, 'SET 06. Version copy control'.Select source version, 'SET 06. Version copy control'.Select target version","'FI 06. Filter Version'.Version BWM?, 'SET 05. MJP Version Control'.Item",408,false
User list,,,false,true,,false,,,false,,false,,,37,,,"'FI 07. User filters - General'.User KPI, '└ FI 07e. User Filters - KPI'.Users, 'IM 13. Afdeling L5'.Hoofd Business Control, 'IM 13. Afdeling L5'.'ABC''er', 'IM 16. Users'.Mapping, 'IM 18. KPI Informatie'.Business Control, 'IM 18. KPI Informatie'.'Handmatig - Business Conrol', 'MA 05. Mapping Afdeling directeuren (Delete After Action)'.Hoofd Business Control, 'MA 05. Mapping Afdeling directeuren (Delete After Action)'.'ABC''er'",,51,false
SIP Planvarianten,,,false,true,,false,Displayname: Text,,true,Displayname,false,,,13,,"'LO 13. Load SIP E/G split', 'LO 02. Load SIP Plan - SIP Planvarianten', 'IM 26. SIP Planvarianten'","'└ CA 07a. Selectie SIP Varianten voor verglijk'.Variant I, '└ CA 07a. Selectie SIP Varianten voor verglijk'.Variant II, 'IM 26. SIP Planvarianten'.ITEM, 'SET 05. MJP Version Control'.SIP Planvariant, 'SET 05. MJP Version Control'.SIP planvariant LTF",'IM 26. SIP Planvarianten'.ITEM,28,false
▶️ 𝗔𝗖𝗖𝗢𝗨𝗡𝗧𝗜𝗡𝗚 ◀️,,,false,false,,false,,,false,,false,,,0,,,,,1,false
Account L12,Totaal Account,,false,true,,false,"Kostensoort GREN: Rekeningcategorie, Dependent dropdown: Account L12, Old code: Text, Boolean","SS - Account L12 - Budget, SS - Account L12 - Used, SS - Account L12 - Active, SS - Account L12 - IC, SS - Account L12 - DB/TS, SS - Account L12 - UMD, SS - Account L12 - Allocation",false,,false,,,7121,,"'└ IP 10b. Verdeling naar grootboekrekening - Import'.Account, '└ IP 10d. Calculatie seizoenspatronen'.'Waarde in Account L12', 'FI 10. Account', 'IM 01. Account L12'","'LO 05. Grouping L12 accounts'.AN List account, 'LO 05. Grouping L12 accounts'.AN Grouped account, 'DA 31. Historical data SAP BPC'.AN Grootboekrekening, 'DA 31. Historical data SAP BPC'.'AN Grouped L12', '└ IP 10b. Verdeling naar grootboekrekening - Import'.Account, '└ IP 10c. Selecteer seizoenspatroon'.Grootboekrekening, 'IP 47. Netverliezen Eigenschappen'.Account, 'CA 18. Invoer seizoenspatroon IC'.'GBR (Versturend L12)', 'CA 18. Invoer seizoenspatroon IC'.'GBR (Ontvangend L12)', '└ FI 07i. User Filters - COEA-KP-ACC'.Account, 'IM 99. Lookup lists'.'Materiaal - Magazijn', 'IM 99. Lookup lists'.'Materiaal - Overig', 'IM 01. Account L12'.ITEM, 'IM 01. Account L12'.Loaded grouping, 'IM 01. Account L12'.Overwrite, 'IM 01. Account L12'.Final Grouping, 'IM 20. COEA-KP-ACC'.Account, 'IM 74. LIS CA21 Mappings'.'Account L12', 'IM 75. LIS CA23 Mappings'.'Account L12', 'MA 08. Acount L12 aggregation mapping'.Item, 'MA 08. Acount L12 aggregation mapping'.Loaded Grouping, 'MA 09. Account L12 aggregation mapping - Version based'.Item, 'MA 09. Account L12 aggregation mapping - Version based'.Loaded Grouping, 'MA 62. Dummy IC'.'L12', 'Account L12'.Dependent dropdown","'LO 05. Grouping L12 accounts'.AN List account, 'LO 05. Grouping L12 accounts'.AN Grouped account, 'DA 31. Historical data SAP BPC'.AN Grootboekrekening, '└ IP 10a NEW. Verdeling naar grootboekrekening'.Verdeling %, '└ IP 10a NEW. Verdeling naar grootboekrekening'.Verdeling, '└ IP 10a NEW. Verdeling naar grootboekrekening'.'ss - Account L12 Split Actuals CY', '└ IP 10a NEW. Verdeling naar grootboekrekening'.'ss - Account L12 Split Actuals LY', '└ IP 10a NEW. Verdeling naar grootboekrekening'.'ss - Account L12 Split Prev. Version', 'CA 38. Toeslagen GBR'.'Allocation L3 Magazijntoeslag', 'CA 38. Toeslagen GBR'.'Allocation L3 OPSS', 'CA 38. Toeslagen GBR'.'Receiving - Indirecte toeslag', 'CA 38. Toeslagen GBR'.'Receiving - Magazijntoeslag', 'CA 38. Toeslagen GBR'.Receiving OPS Support, 'CA 47. Toeslag Inflation Staging'.Toeslag Inflatie, 'IM 01. Account L12'.ITEM, 'IM 01. Account L12'.Loaded grouping, 'IM 01. Account L12'.'SS - Account L12 - IC', 'IM 01. Account L12'.'SS - Account L12 - DB/TS', 'IM 01. Account L12'.'SS - Account L12 - UMD', 'MA 08. Acount L12 aggregation mapping'.Item, 'MA 09. Account L12 aggregation mapping - Version based'.Item, 'MA 62. Dummy IC'.'L12', 'Account L12'.Dependent dropdown",15475,false
Account L12 Flat - IC,,,false,true,,false,,,false,,false,,,3,,'MA 62. Dummy IC','IP 11. IC & Leenmonteurs input'.'GBR [OLD]',"'MA 62. Dummy IC'.Name, 'MA 62. Dummy IC'.Code",4,false
▶️ 𝗢𝗥𝗚𝗔𝗡𝗜𝗭𝗔𝗧𝗜𝗢𝗡 𝗛𝗜𝗘𝗥𝗔𝗥𝗖𝗛𝗬 ◀️,,,false,false,,false,,,false,,true,Organization,,0,,,,,1,false
Entiteit L3,Totaal geconsolideerd,,true,true,,false,KGE: Text,,false,,false,,,48,,"'IM 04. Entiteit', 'MA 14. Mapping IC code en Organization L3 (DAA)'","'IP 11. IC & Leenmonteurs input'.'Tegenpartij -> Entiteit L3', 'FI 07. User filters - General'.Entiteit, 'IM 04. Entiteit'.ITEM, 'IM 05a. Afdelingsgroep'.Entiteit, 'IM 13. Afdeling L5'.Entiteit","'└ DA 28b. Meerjarenplan Euros SIP Thema selectie'.'TOTEX SIP Euro''s', '└ DA 28b. Meerjarenplan Euros SIP Thema selectie'.'OPEX SIP Euro''s', '└ DA 28b. Meerjarenplan Euros SIP Thema selectie'.'CAPEX SIP Euro''s', 'IM 04. Entiteit'.ITEM, 'IM 04. Entiteit'.Is Top Level?",77,false
Afdelingsgroep L4,,Entiteit L3,true,true,,false,"Code update temp: Text, Old code: Text",,false,,false,,,98,,'IM 05a. Afdelingsgroep',"'LO 07. Kostenplaats'.AN Afdelingsgroep from code, 'LO 07. Kostenplaats'.AN Afdelingsgroep from display name, 'LO 07. Kostenplaats'.Overwrite Afdelingsgroep, 'LO 07. Kostenplaats'.Final Afdelingsgroep, 'LO 07. Kostenplaats'.Parent of Afdeling, 'FI 07. User filters - General'.Afdelingsgroep, 'IM 04. Entiteit'.BAK Afdelingsgroep, 'IM 05a. Afdelingsgroep'.ITEM, 'IM 13. Afdeling L5'.PARENT","'LO 07. Kostenplaats'.AN Afdelingsgroep from code, 'LO 07. Kostenplaats'.AN Afdelingsgroep from display name, 'IM 05a. Afdelingsgroep'.ITEM",72,false
Afdeling L5,,Afdelingsgroep L4,true,true,,false,"New code: Text, Remark: Text, Old code: Text","SS Afdeling L5 - Keten, SS Afdeling L5 - OPS (SIP), SS Afdeling L5 - OPS, SS Afdeling L5 - IC, SS Afdeling L5 - Doorbelastingen en toeslagen, SS Afdeling L5 - Budget Afdelingen",false,,false,,,194,,"'DA 02 NEW. Load FTEs from SPP', 'DA 07. Rapportage COEA', 'IP 02. IAS16 kosten (cumulatief)', 'CA 05. Risico & Kansen', '└ CA 11a. Verdeling naar maand overzicht', '└ CA 11a NEW. Verdeling naar maand overzicht', 'CA 19. Rekeningcategorie Allocatie', 'CA 23. Berekend UMDT op L3++ Thema''s'.'COE - Activiteit', '└ FI 07a. User Filters - MJP Drivers L6'.'User Filter - Afdeling L5', '└ FI 07c. User Filters - Afdeling L5', 'FI 11. Activiteit L4 +'.Afdeling planning filter, 'IM 05b. Afdeling - Do not use', 'IM 13. Afdeling L5', 'EX 01. Export plan to FSP'.Timestamp, 'EX xx. Export plan to FSP', '└EX 01a. Export plan to FSP - BAK', '└EX 01b. Export plan to FSP - % Personeelkosten', 'SEC 02. COEA/Kosten Access', 'MA 05. Mapping Afdeling directeuren (Delete After Action)'","'LO 01. Load SIP'.AN Afdeling, 'LO 06. Subafdeling'.AN Parent on code, 'LO 06. Subafdeling'.AN Parent on name, 'LO 06. Subafdeling'.AN Parent final, 'LO 06. Subafdeling'.Select Parent, 'LO 07. Kostenplaats'.AN Afdeling from code, 'LO 07. Kostenplaats'.AN Afdeling from name, 'LO 07. Kostenplaats'.Overwrite Afdeling, 'LO 07. Kostenplaats'.FInal Afdeling, 'LO 07. Kostenplaats'.Parent of Subafdeling, 'LO 08. Import SIP Euro'.AN Afdeling, 'DA 01 NEW. Load Plan from SIP'.Afdeling, '└ IP 10b. Verdeling naar grootboekrekening - Import'.Afdeling, '└ IP 10c. Selecteer seizoenspatroon'.Afdeling, 'IP 11. IC & Leenmonteurs input'.'Tegenpartij -> Afdeling L5', 'IP 13. UMDT op Activiteiten'.'Afdeling L5', 'IP 17. UMDT op Kostenplaats'.Afdeling, 'IP 19. UMDT op L3++ Thema''s'.'L5 Afdeling', 'IP 20. UMDT Thema''s op Kostenplaats'.Afdeling, 'IP 25.  IC allocation naar kostenplaats'.'Afdeling L5', 'IP 38. Loonkosten prestatiesoort'.Afdeling, 'CA 18. Invoer seizoenspatroon IC'.'Tegenpartij -> Afdeling L5', 'CA 18. Invoer seizoenspatroon IC'.Versturende Partij, 'RP 14. UMDT - Kostenplaats'.Afdeling, 'FI 01. Filter no dimensions'.Afdeling, '└ FI 07i. User Filters - COEA-KP-ACC'.Afdeling, 'IM 99. Lookup lists'.Netverder, 'IM 04. Entiteit'.BAK Afdeling, 'IM 05b. Afdeling - Do not use'.Item, 'IM 05c. Subafdeling'.Parent, 'IM 06b. SS Budget MJP Kostenplaats'.'Afdeling L5', 'IM 13. Afdeling L5'.ITEM, 'IM 14. Risico''s  & Kansen'.Parent item, 'IM 20. COEA-KP-ACC'.Afdeling, 'IM 34. SIP Activiteit L4'.Afdeling, 'IM 34. SIP Activiteit L4'.'Afdeling (Version)', 'IM 35. SIP Subactiviteit L5'.Afdeling, 'IM 36. SIP Subactiviteit L6'.Afdeling, 'IM 62 Kostenplaats'.Afdeling, 'IM 65. Activiteit L4+_Kostenplaats'.Afdeling, 'IM 71. Support List Dep'.Map to, 'MA 07. Kostenplaats L7 Aggregation mapping - Version based'.Parent, 'MA 10. Afdeling op Thema''s of Activiteiten'.Afdeling, 'MA 11. Afdeling op L3++'.Afdeling, 'MJP Kostenplaats L7'.'Afdeling L5'","'LO 06. Subafdeling'.AN Parent on code, 'LO 06. Subafdeling'.AN Parent on name, 'LO 07. Kostenplaats'.AN Afdeling from code, 'LO 07. Kostenplaats'.AN Afdeling from name, 'LO 08. Import SIP Euro'.AN Afdeling, 'LO 12. Loonkosten Prestatiesoorten'.AN Afdeling, 'IP 19. UMDT op L3++ Thema''s'.'L5 Afdeling', 'CA 16. Controle Dekking Uren'.Filter afdeling, 'CA 22. Berekening Doorbelastingen'.'Versturend - Allocatie', 'CA 22. Berekening Doorbelastingen'.Kosten, 'CA 22. Berekening Doorbelastingen'.Read Access?, 'CA 30a. DB/TS naar Afdeling'.Final, 'CA 47. Toeslag Inflation Staging'.Toeslag Inflatie, 'FI 10. Activiteit L4 + > Afdelingen'.Afdeling, '└ FI 07d. User Filters - Afdeling L5 SS'.Item, 'IM 05b. Afdeling - Do not use'.Item, 'IM 13. Afdeling L5'.ITEM, 'IM 13. Afdeling L5'.SS IC Item, 'IM 24. Dummy Afdelingen'.Afdeling, 'MA 10. Afdeling op Thema''s of Activiteiten'.Afdeling, 'MA 11. Afdeling op L3++'.Afdeling, 'EX xx. Export plan to FSP'.'Plan inclusief inflatie en groei (Ketens + Netverder)', '└EX 01a. Export plan to FSP - BAK'.Plan inclusief inflatie en groei",154,true
Subafdeling L6,,Afdeling L5,true,true,,false,"Parent code: Text, Parent name: Text",SS - Subafdeling L6 - OPS,false,,false,,,337,,"'CA 58. Uurtarief Subafdeling', '└ FI 07k User Filters - Subafdeling L6', 'IM 05c. Subafdeling', 'EX 07. Uurtarief export to Data Hub Subafdeling'","'LO 06. Subafdeling'.AN Subafdeling, 'LO 07. Kostenplaats'.AN Subafdeling from code, 'LO 07. Kostenplaats'.AN Subafdeling from concat name, 'LO 07. Kostenplaats'.Overwrite Subafdeling, 'LO 07. Kostenplaats'.Final Subafdeling, 'LO 07. Kostenplaats'.Parent of Kostenplaats, 'LO 12. Loonkosten Prestatiesoorten'.AN Subafdeling, 'LO 12. Loonkosten Prestatiesoorten'.Handmatig Subafdeling, 'LO 12. Loonkosten Prestatiesoorten'.Final Subafdeling, 'IP 17. UMDT op Kostenplaats'.Subafdeling, 'IP 20. UMDT Thema''s op Kostenplaats'.Subafdeling, 'IP 38. Loonkosten prestatiesoort'.Subafdeling, 'FI 07. User filters - General'.'Subafdeling (OPS)', 'FI 07. User filters - General'.Subafdeling, 'IM 05c. Subafdeling'.Item, 'IM 06b. SS Budget MJP Kostenplaats'.'Subafdeling L6', 'IM 62 Kostenplaats'.Subafdeling","'LO 06. Subafdeling'.AN Subafdeling, 'LO 07. Kostenplaats'.AN Subafdeling from code, 'LO 07. Kostenplaats'.AN Subafdeling from concat name, 'LO 12. Loonkosten Prestatiesoorten'.AN Subafdeling, 'IM 05c. Subafdeling'.Item, 'IM 05c. Subafdeling'.Code",144,false
MJP Kostenplaats L7,,Subafdeling L6,true,true,,false,"Afdeling L5, Display Name: Text","SS Kostenplaats L7 - Active, SS Kostenplaats L7 - Budget",true,Display Name,false,,,1325,,"'LO 10. Load Tarieven personeel', 'IP 10. Verdeling naar kostenplaatsen'.Berekend DUMMY, 'IP 10. Verdeling naar kostenplaatsen'.Totaal afdelingskosten, 'IP 10. Verdeling naar kostenplaatsen'.UMD Totaal, '└ IP 10b. Verdeling naar grootboekrekening - Import'.To be created KPI, '└ IP 10d. Calculatie seizoenspatronen'.Waarde in Kostenplaats, 'CA 11. Verdeling naar Grootboekrekening overzicht'.Filter Zero, '└CA 35c. Monthly allocation Activity L4+ to UMDT - Copy'.Allocated Sum, '└ FI 07a. User Filters - MJP Drivers L6', '└ FI 07b. User Filters - MJP Drivers L6 & Time', 'IM 62 Kostenplaats', 'EX 03. Export plan to Powerapps formatie'","'LO 07. Kostenplaats'.AN Kostenplaats, 'DA 31. Historical data SAP BPC'.AN Kostenplaats, '└ IP 10c. Selecteer seizoenspatroon'.Kostenplaats, 'IP 47. Netverliezen Eigenschappen'.Kostenplaats, 'FI 07. User filters - General'.Kostenplaats, '└ FI 07i. User Filters - COEA-KP-ACC'.Kostenplaats, 'IM 20. COEA-KP-ACC'.MJP Activiteit, 'IM 20. COEA-KP-ACC'.AN MJP, 'IM 62 Kostenplaats'.ITEM, 'IM 65. Activiteit L4+_Kostenplaats'.Kostenplaats, 'MA 07. Kostenplaats L7 Aggregation mapping - Version based'.Item, 'MA 61. Kostenplaats L7 Aggregation mapping'.Item","'LO 07. Kostenplaats'.AN Kostenplaats, 'DA 31. Historical data SAP BPC'.AN Kostenplaats, '└  CA 23a. Allocatie naar Kostenplaats Thema L3 +'.Allocation %, 'CA 30. DB/TS naar Kostenplaats'.Automatisch, 'CA 38. Toeslagen GBR'.'Receiving - Indirecte toeslag', 'CA 38. Toeslagen GBR'.'Receiving - Magazijntoeslag', 'CA 38. Toeslagen GBR'.Receiving OPS Support, 'IM 06b. SS Budget MJP Kostenplaats'.ITEM, 'IM 20. COEA-KP-ACC'.AN MJP, 'IM 62 Kostenplaats'.ITEM, 'MA 07. Kostenplaats L7 Aggregation mapping - Version based'.Item, 'MA 61. Kostenplaats L7 Aggregation mapping'.Item",1872,true
Dummy Afdelingen,Totaal,,false,true,,false,,"SS IC Afdelingen - Leenmonteurs, SS IC Afdelingen - Selectie",false,,false,,,35,,"'└ RP 18a. Powerpoint KPI''s Waarde', '└ RP 18b. Powerpoint KPI''s Master Data', 'RP 19. Risico & Kansen', '└ FI 07w. User Filters - Dummy Afdelingen', 'IM 24. Dummy Afdelingen', 'SEC 04. IC Afdelingen Access'","'LO 09. Load SPIN KPI Data'.AN Dummy Afdeling, 'LO 09. Load SPIN KPI Data'.'AN Organisatie -> Afdeling', 'DA 12. Load Waardes from SPIN'.'AN: Afdeling', 'IP 11. IC & Leenmonteurs input'.'Afdeling L5 -> Tegenpartij', 'IP 21. Input KPI''s - MJP'.Afdeling, '└ IP 21a. Input KPI''s - Months'.Afdeling, 'IP 22. Create KPI_Afdeling'.Afdeling, 'IP 22. Create KPI_Afdeling'.'Afdeling blank', 'CA 18. Invoer seizoenspatroon IC'.Tegenpartij, 'CA 18. Invoer seizoenspatroon IC'.'Afdeling L5 -> Tegenpartij', 'RP 18. KPI Waarde over years'.Afdeling, 'FI 07. User filters - General'.Afdelingen, '└ FI 07e. User Filters - KPI'.Afdeling, '└ FI 07w. User Filters - Dummy Afdelingen'.AN Afdeling, 'IM 05b. Afdeling - Do not use'.Dummy Afdeling SS Budget, 'IM 05b. Afdeling - Do not use'.Dummy Afdeling, 'IM 13. Afdeling L5'.Dummy Afdeling, 'IM 18. KPI Informatie'.Afdeling, 'IM 24. Dummy Afdelingen'.ITEM, 'IM 42. SPIN KPI''s'.Hoofdafdeling, 'IM 43. KPI_Afdeling'.Afdeling, 'MA 01. SPIN -  Organisatie -> Afdeling L5'.Afdeling, 'MA 01. SPIN -  Organisatie -> Afdeling L5'.New Afdeling Mapping, 'MA 01. SPIN -  Organisatie -> Afdeling L5'.Afdeling Final","'LO 09. Load SPIN KPI Data'.AN Dummy Afdeling, '└ RP 18a. Powerpoint KPI''s Waarde'.Afdeling?, '└ RP 18b. Powerpoint KPI''s Master Data'.Afdeling?, '└ FI 07e. User Filters - KPI'.Filter Afdeling, '└ FI 07w. User Filters - Dummy Afdelingen'.AN Afdeling, 'IM 05b. Afdeling - Do not use'.Dummy Afdeling SS Budget, 'IM 05b. Afdeling - Do not use'.Dummy Afdeling, 'IM 13. Afdeling L5'.Dummy Afdeling, 'IM 24. Dummy Afdelingen'.ITEM, 'MA 01. SPIN -  Organisatie -> Afdeling L5'.Afdeling",35,false
Business Controllers,,,false,false,,false,,,false,,false,,,33,,,"'IP 22. Create KPI_Afdeling'.'Business Controller 1', 'IP 22. Create KPI_Afdeling'.'Business Controller 2 (Optioneel)', 'IM 43. KPI_Afdeling'.'Business Controller 1', 'IM 43. KPI_Afdeling'.'Business Controller 2'",,34,false
▶️ 𝗦𝗜𝗣 𝗛𝗜𝗘𝗥𝗔𝗥𝗖𝗛𝗬◀️,,,false,false,,false,,,false,,false,,,0,,,,,1,false
SIP Werkstroom L1,Totaal Tafel/Thema,,false,true,,false,,,false,,false,,,6,,'LO 04. Load Tafel/Thema SIP'.Flag Werkstroom?,"'LO 04. Load Tafel/Thema SIP'.AN Werkstroom, 'LO 11 SIP Thema''s L3++'.AN Werkstroom, 'IM 39. Thema L3'.'Werkstroom L1'","'LO 04. Load Tafel/Thema SIP'.AN Werkstroom, 'LO 11 SIP Thema''s L3++'.AN Werkstroom, 'CA 34. MJP naar thema''s'.'Allocatie Jaar 1', 'CA 34. MJP naar thema''s'.Allocatie vanuit SIP, 'CA 34. MJP naar thema''s'.'MJP naar thema''s', 'CA 34. MJP naar thema''s - Meerjarig'.Allocatie vanuit SIP",7,false
SIP Tafel L2,,SIP Werkstroom L1,false,true,,false,,,false,,false,,,18,,"'LO 04. Load Tafel/Thema SIP'.Flag Tafel?, '└  FI 07l. User Filters - Tafel L2', 'IM 38. Tafel L2'","'LO 04. Load Tafel/Thema SIP'.AN Tafel, 'LO 11 SIP Thema''s L3++'.AN Tafel, 'FI 07. User filters - General'.Tafel, 'IM 27. Thema L3 Verrijking'.Parent, 'IM 34. SIP Activiteit L4'.'Parent (Tafel)', 'IM 35. SIP Subactiviteit L5'.'Parent (Tafel)', 'IM 36. SIP Subactiviteit L6'.'Parent (Tafel)', 'IM 37. SIP Activiteit L4 +'.Tafel, 'IM 38. Tafel L2'.ITEM, 'IM 39. Thema L3'.'Tafel L2', 'IM 41. Thema L3 ++'.'AN Tafel L2'","'LO 04. Load Tafel/Thema SIP'.AN Tafel, 'LO 11 SIP Thema''s L3++'.AN Tafel, 'IM 38. Tafel L2'.ITEM",13,false
SIP Thema L3,,SIP Tafel L2,false,true,,false,PAM Product: Product,,false,,false,,,117,Each department chooses to plan on Thema L3++ or SIP Activity L4+,"'LO 03. Load SPP Thema''s - FTE''s', 'LO 04. Load Tafel/Thema SIP'.Flag Thema?, 'LO 13. Load SIP E/G split', 'LO 02. Load SIP Plan - SIP Planvarianten', 'DA 02 NEW. Load FTEs from SPP', 'DA 01. Total Plan SIP', '└ DA 28b. Meerjarenplan Euros SIP Thema selectie', '└ CA 21a. Allocatie naar Kostenplaats Activiteit L4+'.'Valid Combinations L3', 'CA 23. Berekend UMDT op L3++ Thema''s'.Thema Filter, 'CA 34. MJP naar thema''s', 'CA 34. MJP naar thema''s - Meerjarig', '└CA 34a MJP thema''s voor RP 10 11 12', 'CA 35. Monthly allocation thema L3 (aggregated)', '└CA 35g. Monthly allocation on thema L3', 'CA 62. MJP naar thema''s Opex/Capex', 'RP 13. UMDT - Afdeling', 'RP 15. UMDT - Afdeling E/G Regio OPEX', 'RP 14. UMDT - Kostenplaats', 'FI 14. Thema L3 filter Calculations', '└  FI 07t. User Filters - Thema', '└ FI 07ac. User Filters - Suppress Zeroes RP14', '└ FI 07ad. User Filters - Suppress Zeroes RP13', '└ FI 07aj. User Filters - Suppress Zeroes RP15', 'IM 39. Thema L3', 'MA 02. Mapping Thema verrijking -> SIP', 'MA 10. Afdeling op Thema''s of Activiteiten', '└EX 01d. Export Tafel/Thema to FSP'","'LO 04. Load Tafel/Thema SIP'.AN Thema, 'LO 11 SIP Thema''s L3++'.AN Thema, 'IP 27 Sip Thema L3++'.'Selectie Thema L3', 'CA 21. Berekend UMDT op Activiteit'.'Thema L3', 'FI 07. User filters - General'.Thema, 'IM 34. SIP Activiteit L4'.'Parent (Thema)', 'IM 35. SIP Subactiviteit L5'.'Parent (Thema)', 'IM 36. SIP Subactiviteit L6'.'Parent (Thema)', 'IM 37. SIP Activiteit L4 +'.Thema, 'IM 39. Thema L3'.Item, 'IM 40 Thema L3+'.'Thema L3', 'IM 41. Thema L3 ++'.'AN Thema L3', 'MA 11. Afdeling op L3++'.'Sip Thema L3', 'MA 12.  Afdeling op L4+'.'Sip Thema L3'","'LO 04. Load Tafel/Thema SIP'.AN Thema, 'LO 11 SIP Thema''s L3++'.AN Thema, 'IM 39. Thema L3'.Item",102,true
SIP Thema L3+,,SIP Thema L3,false,true,,false,"Display Name: Text, End user created?: Boolean",,false,,false,,,243,All departments: product,'IM 40 Thema L3+',"'LO 11 SIP Thema''s L3++'.AN Hoofdproduct, 'IP 27 Sip Thema L3++'.'Selectie Thema L3+', 'IP 27 Sip Thema L3++'.'AN Thema L3+', 'IM 40 Thema L3+'.Item, 'IM 41. Thema L3 ++'.'AN Thema L3+', 'IM 41. Thema L3 ++'.Parent Extern Thema","'LO 11 SIP Thema''s L3++'.AN Hoofdproduct, 'IP 27 Sip Thema L3++'.'AN Thema L3+', 'IM 40 Thema L3+'.Item",127,false
SIP Thema L3++,,SIP Thema L3+,false,true,,false,"Display Name: Text, Extern?: Boolean, End user created?: Boolean, Consument?: Boolean",,false,,false,,,479,"Consument: plans on sub-product (++), product (+) or thema (L3)","'DA 33 UMDT (L3+ ) op Kostenplaats -> Rekeningcategorie', 'IP 19. UMDT op L3++ Thema''s', 'IP 20. UMDT Thema''s op Kostenplaats', 'IP 30. Seizoenspatroon Thema L3++', 'IP 40. Input Thema L3++ split', 'CA 23. Berekend UMDT op L3++ Thema''s', '└  CA 23a. Allocatie naar Kostenplaats Thema L3 +', '└ CA 23c. UMDT + Inflatie (L3+)', '└CA 35d. Monthly allocation Thema L3++', '└CA 35e. Monthly allocation Thema L3++ to UMDT', '└CA 35f. Monthly allocation Thema L3++ to UMDT  to KP', 'CA 42. Materiaal Staging Thema L3++', 'CA 52. UMDT - Thema Regio EG', 'FI 18. Allocation Thema/Afdeling/COEA', '└  FI 07r. User Filters - Thema L3++ & Afdeling', '└  FI 07t. User Filters - Thema L3++', '└ FI 07x. User Filters - Allocation Thema/Afdeling/COEA', '└ FI 07am. Suppress Zeroes CA 35e.', 'IM 41. Thema L3 ++', 'MA 11. Afdeling op L3++'","'LO 11 SIP Thema''s L3++'.AN Subproduct, 'IP 27 Sip Thema L3++'.'AN Thema L3++', 'FI 07. User filters - General'.'Thema L3++', 'IM 39. Thema L3'.'AN L3+', 'IM 41. Thema L3 ++'.'AN Thema L3++', 'IM 41. Thema L3 ++'.AN Extern Thema","'LO 11 SIP Thema''s L3++'.AN Subproduct, 'IP 27 Sip Thema L3++'.'AN Thema L3++', 'IM 39. Thema L3'.'AN L3+', 'IM 41. Thema L3 ++'.'AN Thema L3++', 'IM 41. Thema L3 ++'.AN Extern Thema, 'IM 41. Thema L3 ++'.Create Extern Thema?",239,false
SIP Thema L3 MJP verrijking,,SIP Tafel L2,false,true,,false,,,false,,false,,,122,,'IM 27. Thema L3 Verrijking','IM 27. Thema L3 Verrijking'.ITEM,'IM 27. Thema L3 Verrijking'.ITEM,105,false
SIP Activiteit L4,,SIP Thema L3,false,true,,false,"Display Name: Text, COEA, Anaplan Code 2026: Text",,true,Display Name,false,,,1731,,"'LO 04. Load Tafel/Thema SIP'.Flag Activiteit?, 'LO 08. Import SIP Euro', 'DA 01 NEW. Load Plan from SIP', 'IM 34. SIP Activiteit L4'","'LO 04. Load Tafel/Thema SIP'.AN Activiteit, 'LO 05. Load Subactiviteit L5 SIP'.AN Activiteit, 'IM 34. SIP Activiteit L4'.Item, 'IM 35. SIP Subactiviteit L5'.'Parent (Activiteit)', 'IM 36. SIP Subactiviteit L6'.'Parent (Activiteit L4)', 'IM 37. SIP Activiteit L4 +'.Parent","'LO 04. Load Tafel/Thema SIP'.AN Activiteit, 'LO 05. Load Subactiviteit L5 SIP'.AN Activiteit, 'IM 34. SIP Activiteit L4'.Item, 'IM 34. SIP Activiteit L4'.'FO SIP Activiteit L4 +'",18017,false
SIP Activiteit L4 +,,SIP Activiteit L4,false,true,,false,"Display Name: Text, Afdeling MJP: SS Afdeling L5 - Budget Afdelingen",SS-Activiteit L4+ COEA Filter,true,Display Name,false,,,3348,Subactivities,"'DA 32. UMDT op Afdeling (L4+) -> Rekeningcategorie', 'IP 13. UMDT op Activiteiten', 'IP 17. UMDT op Kostenplaats', 'IP 29. Seizoenspatroon Activity L4+', 'IP 41. Input Activiteit L4+ split', 'CA 21. Berekend UMDT op Activiteit', '└ CA 21a. Allocatie naar Kostenplaats Activiteit L4+', '└ CA 21a NEW. Allocatie naar CC Activiteit L4+ - Copy', '└ CA 21c. UMDT + Inflatie (L4+)', '└  CA 21d. Activiteit_kostenplaats combinatie', '└CA 35a. Monthly allocation Activity L4+', '└CA 35b. Monthly allocation Activity L4+ to UMDT', '└CA 35c. Monthly allocation Activity L4+ to UMDT - Copy'.Allocation key, 'CA 43. Materiaal Staging Activiteit L4+', 'CA 53. UMDT - Activiteit Regio EG', 'FI 10. Activiteit L4 + > Afdelingen', '└  FI 07m. User Filters - Activiteit L4 + (UMD)', '└ FI 07y. User Filters - Allocation Activiteiten/Afd./COEA', 'FI 11. Activiteit L4 +', 'IM 37. SIP Activiteit L4 +', 'MA 12.  Afdeling op L4+'","'FI 07. User filters - General'.'Activiteit L4 +', 'IM 34. SIP Activiteit L4'.'AN SIP Activiteit L4 +', 'IM 37. SIP Activiteit L4 +'.Item, 'IM 65. Activiteit L4+_Kostenplaats'.'Activiteit L4+'","'└  CA 21d. Activiteit_kostenplaats combinatie'.FO, 'IM 34. SIP Activiteit L4'.'AN SIP Activiteit L4 +', 'IM 37. SIP Activiteit L4 +'.Item",16967,false
SIP Subactiviteit L5,,SIP Activiteit L4,false,true,,false,"Display Name: Text, Eenheid: Text",,true,Display Name,false,,,2918,,'IM 35. SIP Subactiviteit L5',"'LO 05. Load Subactiviteit L5 SIP'.'AN Subactiviteit L5', 'IM 35. SIP Subactiviteit L5'.Item, 'IM 36. SIP Subactiviteit L6'.'Parent (Activiteit L5)'","'LO 05. Load Subactiviteit L5 SIP'.'AN Subactiviteit L5', 'IM 35. SIP Subactiviteit L5'.Item",5146,false
SIP Subactiviteit L6,,SIP Subactiviteit L5,false,true,,false,Display name: Text,,true,Display name,false,,,4103,,'IM 36. SIP Subactiviteit L6',"'LO 05. Load Subactiviteit L5 SIP'.'AN Subactiviteit L6', 'IM 36. SIP Subactiviteit L6'.Item","'LO 05. Load Subactiviteit L5 SIP'.'AN Subactiviteit L6', 'IM 36. SIP Subactiviteit L6'.Item",3560,false
▶️ 𝗟𝗢𝗔𝗗 𝗟𝗜𝗦𝗧𝗦 ◀️,,,false,false,,false,,,false,,false,,,0,,,,,1,false
#Load SPIN Waardes,Total,,false,true,,false,"KPI_Name: Text, KPI ID: Number, Afdeling: Text, Periode: Text, Actual: Number, Actual YTD: Number, Budget: Number, Budget YTD: Number, Budget FY: Number, LE: Number",,true,,false,,,32424,,'DA 12. Load Waardes from SPIN',,,47582,false
#Load SAP BPC,Total SAP BPC,,false,false,,false,,,false,,false,,,157245,HV: DELETE,'DA 31. Historical data SAP BPC',,"'DA 31. Historical data SAP BPC'.'Account L12 to be created?', 'DA 31. Historical data SAP BPC'.FO Soort, 'DA 31. Historical data SAP BPC'.FO Period",157245,false
#LOAD SIP,Totaal SIP,,false,true,,false,"Jaar: Text, OpEx/CaPex: Text, Afdeling: Text, Bedrag: Number, FTE: Number",,true,,false,,,243,,'LO 01. Load SIP',,,1283,false
#Load Tafel/Thema SIP,Total,,false,true,,false,"Werkstroom: Text, Werkstroom Code: Text, Tafel: Text, Tafel Code: Text, Thema: Text, Thema Code: Text, Thema PAM Product: Text, Thema PAM Product code: Text, Activiteit: Text, Activiteit Code: Text, Activiteit - Anaplan Code 2026: Text, Activiteit Afdeling: Text, CAPEX/OPEX: Text, In laatste load?: Boolean, In scope SIP?: Boolean",,true,,false,,,1615,,'LO 04. Load Tafel/Thema SIP',,"'LO 04. Load Tafel/Thema SIP'.FO Werkstroom, 'LO 04. Load Tafel/Thema SIP'.FO Tafel, 'LO 04. Load Tafel/Thema SIP'.FO Thema, 'LO 04. Load Tafel/Thema SIP'.FO Activiteit, 'LO 04. Load Tafel/Thema SIP'.FO Product",17305,false
#Load Subactiviteit SIP,,,false,true,,false,"Subactiviteit: Text, Activiteit: Text, Activiteit Code: Text, Eenheid: Text, In laatste load?: Boolean",,true,,false,,,1193,,'LO 05. Load Subactiviteit L5 SIP',,"'LO 05. Load Subactiviteit L5 SIP'.'FO Subactiviteit L5', 'LO 05. Load Subactiviteit L5 SIP'.FO Activiteit, 'LO 05. Load Subactiviteit L5 SIP'.FO Eenheid",1194,false
#Load Grouping L12 accounts,Total,,false,false,,false,,,true,,false,,,233,HV: DELETE,'LO 05. Grouping L12 accounts',,,233,false
#Load L6 Subafdeling,Total,,false,false,,false,"Parent code: Text, Parent name: Text",,true,,false,,,148,HV: DELETE,'LO 06. Subafdeling','LO 06. Subafdeling'.Item,'LO 06. Subafdeling'.Item,454,false
#Load L7 Kostenplaats,Total,,false,true,,false,"Display Name: Text, Parent Code: Text",,false,,false,,,952,HV: DELETE,'LO 07. Kostenplaats',,"'LO 07. Kostenplaats'.List code, 'LO 07. Kostenplaats'.Create Afdeling, 'LO 07. Kostenplaats'.Update afdeling, 'LO 07. Kostenplaats'.Create Subafdeling, 'LO 07. Kostenplaats'.Update subafdeling, 'LO 07. Kostenplaats'.Create MJP Kostenplaats, 'LO 07. Kostenplaats'.Update MJP Kostenplaats",9682,false
#Load SPIN KPIs,Total,,false,true,,false,"Display Name: Text, KPI ID: Text, KPI Name: Text, Afdeling: Text, Eenheid: Text, YTD berekening: Text, Groepering 1: Text, Categorie: Text, BU FY Waarde: Number, LE Waarde: Number, Content Leverancier: Text, Data Leverancier: Text, Business Controller: Text, TYPE Code: Text, Type Typaam: Text, Frequentie: Text",,true,,false,,,1579,,'LO 09. Load SPIN KPI Data','IM 42. SPIN KPI''s'.Hoofd KPI in SPIN?,"'LO 09. Load SPIN KPI Data'.FO KPI, 'LO 09. Load SPIN KPI Data'.FO YTD Berekening, 'LO 09. Load SPIN KPI Data'.'FO Groepering L1', 'LO 09. Load SPIN KPI Data'.'FO Categorie L2', 'LO 09. Load SPIN KPI Data'.FO Organisatie, 'LO 09. Load SPIN KPI Data'.FO KPI_Afdeling, 'IM 42. SPIN KPI''s'.Hoofd KPI in SPIN?",2716,false
#LOAD SIP Thema's L3++,Total,,false,false,,false,,,true,,false,,,57,,'LO 11 SIP Thema''s L3++',,,57,false
#Load loonkosten,,,false,false,,false,,,false,,false,,,111,,'LO 12. Loonkosten Prestatiesoorten',,,112,false
▶️ 𝗖𝗢𝗡𝗖𝗔𝗧𝗘𝗡𝗔𝗧𝗜𝗢𝗡◀️,,,false,false,,false,,,false,,false,,,0,,,,,1,false
Uni-code COEA-MJP-ACC,,Afdeling L5,false,true,,false,,,false,,false,,,5478,,"'IP 05. Seizoenspatronen'.Previous MJP Version Load, 'IP 05. Seizoenspatronen'.Previous MJP Version Anaplan, '└ IP 10c. Selecteer seizoenspatroon', '└ IP 10d. Calculatie seizoenspatronen', 'RP 26. Calculatie seizoenspatronen Totaal', '└ FI 07i. User Filters - COEA-KP-ACC', '└ FI 07an. User Filters MJP Versions - COEA-MJP-ACC', 'IM 20. COEA-KP-ACC', 'EX 02. Export plan to Powerapps financieel', 'EX 04. Export plan to SAP financieel'","'└ IP 10a. Verdeling naar grootboekrekening'.Find item, '└ IP 10a NEW. Verdeling naar grootboekrekening'.Unicode item, '└ IP 10b. Verdeling naar grootboekrekening - Import'.Concatenate LIST, 'IM 20. COEA-KP-ACC'.ITEM","'└ IP 10a. Verdeling naar grootboekrekening'.Reload List?, '└ IP 10a. Verdeling naar grootboekrekening'.Find item, '└ IP 10a NEW. Verdeling naar grootboekrekening'.Unicode item, '└ IP 10b. Verdeling naar grootboekrekening - Import'.Concatenate LIST, 'IM 20. COEA-KP-ACC'.ITEM",52104,false
Activiteit_Kostenplaats,Total,,false,true,,false,,,false,,false,,,140,07/08/2025 - Combinationlist for sparsity,"'└CA 35c. Monthly allocation Activity L4+ to UMDT - Copy', 'CA 43. Materiaal Staging Activiteit L4+'.KP Allocatie Magazijn, 'CA 43. Materiaal Staging Activiteit L4+'.KP Allocatie Overig, 'CA 43. Materiaal Staging Activiteit L4+'.Materiaal Magazijn Monthly, 'CA 43. Materiaal Staging Activiteit L4+'.Materiaal Overig Monthly, '└ FI 07ae. User Filters - Suppress Zeroes CA 35c', '└ FI 07ai. User Filters - Activiteit_kostenplaats', 'IM 65. Activiteit L4+_Kostenplaats'",'└  CA 21d. Activiteit_kostenplaats combinatie'.ITEM,'└  CA 21d. Activiteit_kostenplaats combinatie'.ITEM,141,false
▶️ KPI’s ◀️,,,false,false,,false,,,false,,false,,,0,,,,,1,false
SPIN - KPI,,,false,true,,false,Display name: Text,,true,Display name,false,,,838,,"'DA 34. KPI Afdeling Subload', 'IM 42. SPIN KPI''s', 'IM 43. KPI_Afdeling'.Count SPIN","'LO 09. Load SPIN KPI Data'.AN KPI, 'DA 34. KPI Afdeling Subload'.AN KPI Naam, 'IP 21. Input KPI''s - MJP'.KPI Name, '└ IP 21a. Input KPI''s - Months'.KPI Name, 'IP 22. Create KPI_Afdeling'.Bestaande KPI selectie, 'IP 22. Create KPI_Afdeling'.AN KPI, 'IP 22. Create KPI_Afdeling'.'KPI Naam blank', 'IP 48. KPI report creation input'.KPI Omschrijving, 'RP 18. KPI Waarde over years'.KPI naam, '└ RP 18b. Powerpoint KPI''s Master Data'.KPI naam, 'FI 07. User filters - General'.'SPIN - KPI', 'IM 42. SPIN KPI''s'.KPI Naam, 'IM 43. KPI_Afdeling'.'L - KPI Naam', 'IM 43. KPI_Afdeling'.KPI Naam","'LO 09. Load SPIN KPI Data'.AN KPI, 'DA 34. KPI Afdeling Subload'.AN KPI Naam, 'IP 22. Create KPI_Afdeling'.AN KPI, 'IM 42. SPIN KPI''s'.KPI Naam",846,false
SPIN - YTD Berekening,,,false,true,,false,,,false,,false,,,5,,,"'LO 09. Load SPIN KPI Data'.AN YTD Berekening, 'DA 34. KPI Afdeling Subload'.AN YTD Berekening, 'IP 22. Create KPI_Afdeling'.YTD Berekening, 'IP 22. Create KPI_Afdeling'.'YTD Bereking blank', 'IM 43. KPI_Afdeling'.'L - YTD Berekening', 'IM 43. KPI_Afdeling'.YTD Berekening, 'IM 43. KPI_Afdeling'.'SPIN - YTD Berekening'","'LO 09. Load SPIN KPI Data'.AN YTD Berekening, 'DA 34. KPI Afdeling Subload'.AN YTD Berekening",6,false
SPIN - Groepering L1,,,false,true,,false,,,false,,false,,,54,,,"'LO 09. Load SPIN KPI Data'.'AN Groepering L1', 'DA 34. KPI Afdeling Subload'.'AN Groupering L1', 'IP 22. Create KPI_Afdeling'.'Groepering L1', 'IP 22. Create KPI_Afdeling'.'Groupering L1 blank', 'IP 48. KPI report creation input'.Groepering, 'RP 18. KPI Waarde over years'.'Categorie L1', '└ RP 18b. Powerpoint KPI''s Master Data'.'Groepering L1', 'IM 43. KPI_Afdeling'.'L - Groepering L1', 'IM 43. KPI_Afdeling'.'Groepering L1', 'IM 43. KPI_Afdeling'.'SPIN - Groepering L1'","'LO 09. Load SPIN KPI Data'.'AN Groepering L1', 'DA 34. KPI Afdeling Subload'.'AN Groupering L1'",81,false
SPIN - Categorie L2,,SPIN - Groepering L1,false,true,,false,,,false,,false,,,57,,,"'LO 09. Load SPIN KPI Data'.'AN Categorie L2', 'DA 34. KPI Afdeling Subload'.'AN Categorie  L2', 'IP 22. Create KPI_Afdeling'.'Categorie L2', 'IP 22. Create KPI_Afdeling'.'Categorie L2 blank', 'RP 18. KPI Waarde over years'.'Categorie L2', '└ RP 18b. Powerpoint KPI''s Master Data'.'Groepering L2', 'IM 43. KPI_Afdeling'.'L - Categorie L2', 'IM 43. KPI_Afdeling'.'Categorie L2', 'IM 43. KPI_Afdeling'.'SPIN - Groepering L2'","'LO 09. Load SPIN KPI Data'.'AN Categorie L2', 'DA 34. KPI Afdeling Subload'.'AN Categorie  L2'",14,false
SPIN - Organisatie,,,false,true,,false,,,false,,false,,,138,,'MA 01. SPIN -  Organisatie -> Afdeling L5',"'LO 09. Load SPIN KPI Data'.AN Organisatie, 'DA 12. Load Waardes from SPIN'.'AN: SPIN Organisatie', 'MA 01. SPIN -  Organisatie -> Afdeling L5'.Organisatie","'LO 09. Load SPIN KPI Data'.AN Organisatie, 'DA 12. Load Waardes from SPIN'.'AN: SPIN Organisatie', 'MA 01. SPIN -  Organisatie -> Afdeling L5'.Organisatie",139,false
SPIN - eenheden,,,false,false,,false,,,false,,false,,,31,,,"'DA 34. KPI Afdeling Subload'.AN Eenheid, 'IP 22. Create KPI_Afdeling'.Eenheid, 'IP 22. Create KPI_Afdeling'.'Eenheid blank', 'IP 48. KPI report creation input'.Eenheid, 'RP 18. KPI Waarde over years'.Eenheid, '└ RP 18b. Powerpoint KPI''s Master Data'.Eenheid, 'IM 18. KPI Informatie'.Eenheid, 'IM 43. KPI_Afdeling'.'L - Eenheid', 'IM 43. KPI_Afdeling'.Eenheid, 'IM 43. KPI_Afdeling'.'SPIN - Eenheid'",'DA 34. KPI Afdeling Subload'.AN Eenheid,32,false
KPI_Afdeling,,,false,true,,false,"Display name: Text, New code: Text",,true,Display name,false,,,1230,,"'DA 35. SPIN KPI Waardes', 'IP 21. Input KPI''s - MJP', '└ IP 21a. Input KPI''s - Months', 'CA 28. KPI Admin per KPI', 'RP 18. KPI Waarde over years', '└ RP 18a. Powerpoint KPI''s Waarde', '└ RP 18b. Powerpoint KPI''s Master Data', '└ FI 07v. User Filters - KPI_Afdelingen', 'IM 43. KPI_Afdeling'","'LO 09. Load SPIN KPI Data'.AN KPI_Afdeling, 'DA 12. Load Waardes from SPIN'.'AN: KPI naam', 'DA 12. Load Waardes from SPIN'.'AN: Final KPI', 'IP 22. Create KPI_Afdeling'.AN KPI_Afdeling, 'IP 48. KPI report creation input'.KPI_Afdeling, 'RP 17. KPI Waarde report creation'.KPI","'LO 09. Load SPIN KPI Data'.AN KPI_Afdeling, 'DA 12. Load Waardes from SPIN'.'AN: KPI naam', 'DA 12. Load Waardes from SPIN'.'AN: Final KPI', 'IP 22. Create KPI_Afdeling'.AN KPI_Afdeling, '└ RP 18b. Powerpoint KPI''s Master Data'.Counter, 'IM 43. KPI_Afdeling'.Number TEST",3906,false
▶️ 𝗢𝗛𝗧𝗘𝗥 𝗟𝗜𝗦𝗧𝗦◀️,,,false,false,,false,,,false,,false,,,0,,,,,1,false
Allocation Method (% / Q / €),Total,,false,false,,false,,,false,,false,,,4,,,"'IP 17. UMDT op Kostenplaats'.Allocation Method, 'IP 17. UMDT op Kostenplaats'.Allocation Method Final, 'IP 20. UMDT Thema''s op Kostenplaats'.Allocation Method, 'IP 20. UMDT Thema''s op Kostenplaats'.Allocation Method Final","'IP 17. UMDT op Kostenplaats'.Allocation, 'IP 17. UMDT op Kostenplaats'.Allocation %?, 'IP 17. UMDT op Kostenplaats'.Allocation Q?, 'IP 17. UMDT op Kostenplaats'.Allocation €?, 'IP 20. UMDT Thema''s op Kostenplaats'.Allocation, 'IP 20. UMDT Thema''s op Kostenplaats'.Allocation %?, 'IP 20. UMDT Thema''s op Kostenplaats'.Allocation Q?, 'IP 20. UMDT Thema''s op Kostenplaats'.Allocation €?",4,false
COEA,Totaal,,false,false,,false,,"SS - COEA - zonder AFD, SS - COEA - Afdelingskosten, SS - COEA - P&L",false,,false,,,5,,"'DA 30a. Actuals/LE Input UMDT', 'DA 07. Rapportage COEA', 'DA 28. Meerjarenplan Euros per jaar', '└ DA 28a. Meerjarenplan Euros Driver Selectie', '└ DA 28a NEW. Meerjarenplan Euros Driver Selectie', '└ DA 31a. Historical Data Grootbookrekening', '└ DA 31b.  Historical Data Aggregated', 'IP 05. Seizoenspatronen', 'IP 05. Seizoenspatronen - Copy', '└ IP 05a. Seizoenspatronen - Collect', '└ IP 05b. Seizoenspatronen - Beschrijving Verdeling', 'IP 10. Verdeling naar kostenplaatsen', 'IP 10x2. NEW Handmatig Verdeling naar KP', '└ IP 10a. Verdeling naar grootboekrekening', '└ IP 10a NEW. Verdeling naar grootboekrekening', '└ IP 10b. Verdeling naar grootboekrekening - Import', 'CA 01. SIP - continued', 'CA 11. Verdeling naar Grootboekrekening overzicht', 'CA 11 NEW. Verdeling naar Grootboekrekening', '└ CA 11a. Verdeling naar maand overzicht', '└ CA 11a NEW. Verdeling naar maand overzicht', 'CA 16. Controle Dekking Uren'.'Finale Waarde - COEA', 'CA 16 NEW. Controle Dekking COEA', 'CA 17. Controle Volledigheid KP/GBR/Maand/Thema', '└ CA 21a. Allocatie naar Kostenplaats Activiteit L4+'.Final allocation, '└ CA 21a. Allocatie naar Kostenplaats Activiteit L4+'.Final allocation test, '└ CA 21c. UMDT + Inflatie (L4+)', 'CA 29. MJP naar Afdelingen', '└  CA 29a. MJP naar Afdeling Collect', 'CA 38. Toeslagen GBR', 'CA 39. Other Rekeningcategorie GBR', 'CA 42. Materiaal Staging Thema L3++', 'CA 50. Monthly allocation key FSP', 'CA 51. Monthly allocation 5 years', 'CA 54. Bezettingsresultaat en dekkingsgraad'.'Unicode split to COEA, RC and Afdeling', 'CA 99. Samenvatting', 'CA XX. Inflatie Staging UMD', '└CA 41a. Netverder Inflatie - Naar rekeningcategori', 'CA 44. Inflatie Staging', 'CA 46 Cost + Inflatie', '└ RP 06a. samenvatting COEA', '└ RP 06c.TOTEX Analyse', 'RP 16. MJP Inflatie', 'RP 16 NEW. MJP Inflatie', 'RP 20. COEA tabel per kostenplaats', 'RP 21. COEA Versie Variance Totals', 'RP 22. COEA Versie Variance', 'RP 28. Controle Volledigheid GBR/Maand', 'FI 17. Account L12 - budget - COEA', '└ FI 07g. User Filters - COEA', '└ FI 07af. User Filters - Suppress Zeroes IP 10a NEW', 'IM 19. COEA', 'MA 04. Mapping Rekeningcategorie naar COEA', 'MA 05. Automatische allocatie', 'MA 06. NEW. COEA -> Rekeningcategorie', 'MA 15. COEA -> Rekeningcategorie', 'EX xx. Export plan to FSP', 'SEC 02. COEA/Kosten Access', 'MA 09. Mapping OPEX/CAPEX en COEA (Delete After Action)'","'LO 04. Load Tafel/Thema SIP'.AN COEA, 'DA 31. Historical data SAP BPC'.AN COEA, '└ IP 10b. Verdeling naar grootboekrekening - Import'.COEA, '└ IP 10c. Selecteer seizoenspatroon'.COEA, 'CA 34. MJP naar thema''s'.COE, 'CA 34. MJP naar thema''s - Meerjarig'.COE, 'FI 07. User filters - General'.COEA, 'FI 07. User filters - General'.'COE - Euros TEST', '└ FI 07g. User Filters - COEA'.COEA, '└ FI 07i. User Filters - COEA-KP-ACC'.COEA, 'IM 99. Lookup lists'.'COEA - OPEX', 'IM 99. Lookup lists'.'COEA - CAPEX', 'IM 99. Lookup lists'.'COEA - Extern', 'IM 99. Lookup lists'.'COEA - Afdelingskosten', 'IM 19. COEA'.Item, 'IM 20. COEA-KP-ACC'.COEA, 'IM 34. SIP Activiteit L4'.'OPEX/CAPEX', 'IM 35. SIP Subactiviteit L5'.'OPEX / CAPEX', 'IM 36. SIP Subactiviteit L6'.'OPEX / CAPEX', 'IM 76. Grouping SAP BPC to COEA'.COEA, 'SIP Activiteit L4'.COEA","'LO 04. Load Tafel/Thema SIP'.AN COEA, 'IP 10. Verdeling naar kostenplaatsen'.'Uren Verhouding (COE)', '└ IP 10a. Verdeling naar grootboekrekening'.OPEX, '└ IP 10a. Verdeling naar grootboekrekening'.CAPEX, '└ IP 10a. Verdeling naar grootboekrekening'.Extern, '└ IP 10a. Verdeling naar grootboekrekening'.Afdelingkosten, 'IP 13. UMDT op Activiteiten'.'COE - Activiteit LOOKUP', 'IP 13. UMDT op Activiteiten'.CAPEX % Selection, 'IP 13. UMDT op Activiteiten'.OPEX Q, 'IP 13. UMDT op Activiteiten'.CAPEX Q, 'IP 13. UMDT op Activiteiten'.Extern Q, 'IP 13. UMDT op Activiteiten'.Extern Write?, 'IP 19. UMDT op L3++ Thema''s'.'COE - Activiteit LOOKUP', 'IP 19. UMDT op L3++ Thema''s'.CAPEX % Selection, 'IP 19. UMDT op L3++ Thema''s'.OPEX Q, 'IP 19. UMDT op L3++ Thema''s'.CAPEX Q, 'IP 19. UMDT op L3++ Thema''s'.Extern Q, 'IP 19. UMDT op L3++ Thema''s'.Extern Write?, 'CA 04. FTE naar COEA'.Percentage COE, '└CA 16a. Controle UMD vs Thema'.Afdeling per Dummy Maand Delta %, '└  CA 23a. Allocatie naar Kostenplaats Thema L3 +'.COEA, 'CA 29. MJP naar Afdelingen'.Personeel, 'CA 29. MJP naar Afdelingen'.Doorbelastingen, 'CA 29. MJP naar Afdelingen'.IC, 'CA 29. MJP naar Afdelingen'.'niet cf IAS 16', 'CA 31. Toeslag Direct MJP'.Toeslag Totaal Budget, 'CA 34. MJP naar thema''s'.COE, 'CA 34. MJP naar thema''s - Meerjarig'.COE, '└ FI 07g. User Filters - COEA'.COEA, '└ FI 07g. User Filters - COEA'.'Filter 2', '└  FI 07s. User Filters - COEA Euros'.Item, '└  FI 07s. User Filters - COEA Euros'.'COE 2 Filter', '└  FI 07s. User Filters - COEA Euros'.'COEA Ex-afd Filter', '└ FI 07ae. User Filters - Suppress Zeroes CA 35c'.COE, 'IM 99. Lookup lists'.'COEA - OPEX', 'IM 99. Lookup lists'.'COEA - CAPEX', 'IM 99. Lookup lists'.'COEA - Extern', 'IM 99. Lookup lists'.'COEA - Afdelingskosten', 'IM 19. COEA'.Item, 'IM 19. COEA'.Afdelingskosten?, 'IM 19. COEA'.Afdelingskosten, 'IM 19. COEA'.OPEX, 'IM 19. COEA'.CAPEX, 'IM 19. COEA'.EXTERN, 'IM 19. COEA'.'SS - COEA - zonder AFD', 'IM 62 Kostenplaats'.Value in budget?",5,false
COEA incl bak,,,false,false,,false,,,false,,false,,,5,,,,,6,false
Directeuren,,,false,false,,false,,,false,,false,,,26,,,"'IM 13. Afdeling L5'.Directeur, 'IM 18. KPI Informatie'.KPI Regisseur, 'IM 18. KPI Informatie'.'Handmatig - KPI Regisseur', 'MA 05. Mapping Afdeling directeuren (Delete After Action)'.Directeur",,27,false
DB/TS items,Totaal,,false,false,,false,,"SS DB/TS - Doorbelastingen, SS DB/TS - Toeslagen",false,,false,,,15,,"'IP 16. Invoer DB/TS kosten', '└ IP 16a. Invoer DB/TS allocatie', '└ IP 16b. Invoer DB/TS Inflatie', 'IP 18. Doorbelasting & Toeslagen split', '└ IP 18a. Seizoenspatronen - DB/TS', 'CA 30. DB/TS naar Kostenplaats', 'CA 30a. DB/TS naar Afdeling', 'CA 36. Doorbelastingen naar Maand', 'RP 03. DB / TS Overview', 'FI 12. FIlter DB/TS', 'IM 19. DB/TS Items', 'IM 63. DB/TS', 'MA 63 LIS CA22a to DB/TS Items'.'Mapping #2', 'EX 05. DB/TS export to AACxUMD'","'FI 12. FIlter DB/TS'.Item, 'IM 99. Lookup lists'.'IT (DB/TS)', 'IM 99. Lookup lists'.NS reiskosten, 'IM 99. Lookup lists'.Huisvestiging, 'IM 99. Lookup lists'.Wagenpark, 'IM 99. Lookup lists'.Gereedschap, 'IM 99. Lookup lists'.Kleding, 'IM 99. Lookup lists'.Terughaalactie, 'IM 99. Lookup lists'.'Bedrijfsvoering (OLD', 'IM 99. Lookup lists'.Management Fee, 'IM 99. Lookup lists'.Magazijntoeslag, 'IM 99. Lookup lists'.OPS Support, 'IM 99. Lookup lists'.Netwerkontwikkeling, 'IM 99. Lookup lists'.Inkoop, 'IM 99. Lookup lists'.VGMK, 'IM 99. Lookup lists'.Bedrijfsvoering toeslag, 'IM 19. DB/TS Items'.Item, 'IM 63. DB/TS'.ITEM, 'MA 63 LIS CA22a to DB/TS Items'.Mapping","'└ IP 16b. Invoer DB/TS Inflatie'.KPI Verdeling % staging, 'CA 33. Toeslag indirect dekkings controle'.Toegepaste TOTEX, 'CA 33. Toeslag indirect dekkings controle'.Huidige dekking, 'CA 33. Toeslag indirect dekkings controle'.'Indirect Toeslag Dekking ex. Bedrijfsvoering', 'CA 47. Toeslag Inflation Staging'.Toeslag Inflatie, 'FI 12. FIlter DB/TS'.Item, 'IM 99. Lookup lists'.'IT (DB/TS)', 'IM 99. Lookup lists'.NS reiskosten, 'IM 99. Lookup lists'.Huisvestiging, 'IM 99. Lookup lists'.Wagenpark, 'IM 99. Lookup lists'.Gereedschap, 'IM 99. Lookup lists'.Kleding, 'IM 99. Lookup lists'.Terughaalactie, 'IM 99. Lookup lists'.Management Fee, 'IM 99. Lookup lists'.Magazijntoeslag, 'IM 99. Lookup lists'.OPS Support, 'IM 99. Lookup lists'.Netwerkontwikkeling, 'IM 99. Lookup lists'.Inkoop, 'IM 99. Lookup lists'.VGMK, 'IM 99. Lookup lists'.Bedrijfsvoering toeslag, 'IM 19. DB/TS Items'.Item, 'IM 63. DB/TS'.ITEM",21,false
Directe toeslagen niveau's,Totaal,,false,false,,false,,,false,,false,,,7,,"'IP 14. Directe toeslagen', 'EX 09. Export Directe Toeslagen to AACx UMD'","'IP 13. UMDT op Activiteiten'.Directe Toeslag, 'IP 13. UMDT op Activiteiten'.'Directe Toeslag 2', 'IP 19. UMDT op L3++ Thema''s'.'Directe Toeslag 1', 'IP 19. UMDT op L3++ Thema''s'.'Directe Toeslag 2'","'IP 14. Directe toeslagen'.Dekking final, 'IP 14. Directe toeslagen'.Toegepaste TOTEX, 'IP 14. Directe toeslagen'.Write?, 'CA 21. Berekend UMDT op Activiteit'.'TS - Direct', 'CA 21. Berekend UMDT op Activiteit'.'TS - Direct 2', 'CA 23. Berekend UMDT op L3++ Thema''s'.'TS - Direct', 'CA 23. Berekend UMDT op L3++ Thema''s'.'TS - Direct 2'",7,false
Drivers GBR,,,false,false,,false,,,false,,false,,,5,,'IM 99. Afdelingskosten Split',"'CA 11. Verdeling naar Grootboekrekening overzicht'.Driver, 'CA 11. Verdeling naar Grootboekrekening overzicht'.Final Driver, 'CA 11 NEW. Verdeling naar Grootboekrekening'.Driver, 'CA 11 NEW. Verdeling naar Grootboekrekening'.Final Driver, 'FI 09. Driver DB Filter'.User Selected Driver, 'FI 09. Driver DB Filter'.User Selected Driver NEW, 'IM 99. Lookup lists'.Automatische allocatie driver, 'IM 99. Lookup lists'.Eigen invoer driver, 'IM 99. Lookup lists'.CY Actuals driver, 'IM 99. Lookup lists'.LY Actuals driver, 'IM 99. Lookup lists'.Laatste MJP driver, 'IM 99. Afdelingskosten Split'.Actuals, 'IM 99. Afdelingskosten Split'.Laatste MJP, 'IM 99. Afdelingskosten Split'.Vrije Invoer, 'IM 99. Afdelingskosten Split'.Automatische Allocatie","'CA 11. Verdeling naar Grootboekrekening overzicht'.Final Driver, 'CA 11. Verdeling naar Grootboekrekening overzicht'.Verdeeld, 'FI 09. Driver DB Filter'.Filter Percentages, 'FI 09. Driver DB Filter'.Filter Values, 'FI 09. Driver DB Filter'.'Filter values <added dimension>', 'IM 99. Lookup lists'.Automatische allocatie driver, 'IM 99. Lookup lists'.Eigen invoer driver, 'IM 99. Lookup lists'.CY Actuals driver, 'IM 99. Lookup lists'.LY Actuals driver, 'IM 99. Lookup lists'.Laatste MJP driver",6,false
Drivers MJP Euros,,,false,false,,false,,,false,,false,,,6,,,"'└ DA 28a. Meerjarenplan Euros Driver Selectie'.Driver, '└ DA 28a NEW. Meerjarenplan Euros Driver Selectie'.Driver","'DA 28. Meerjarenplan Euros per jaar'.Groei% Driver, 'DA 28. Meerjarenplan Euros per jaar'.Vrije invoer?",8,false
Drivers MJP FTE's,,,false,false,,false,,,false,,false,,,6,,,'└ DA 29a. Meerjarenplan FTEs Driver Selectie'.Driver,"'DA 29. Meerjarenplan FTEs per jaar'.Groei% Driver, 'DA 29. Meerjarenplan FTEs per jaar'.Vrije Invoer",8,false
Eenheid,,,false,false,,false,,,false,,false,,,2,,'IM 64. Eenheid',"'LO 05. Load Subactiviteit L5 SIP'.AN Eenheid, 'IP 13. UMDT op Activiteiten'.Eenheid, 'IP 19. UMDT op L3++ Thema''s'.Eenheid, 'CA 21. Berekend UMDT op Activiteit'.Eenheid, 'CA 23. Berekend UMDT op L3++ Thema''s'.Eenheid, 'IM 99. Lookup lists'.Stelpost, 'IM 99. Lookup lists'.Stuks, 'IM 35. SIP Subactiviteit L5'.Eenheid, 'IM 36. SIP Subactiviteit L6'.Eenheid, 'IM 64. Eenheid'.AN Stelpost","'LO 05. Load Subactiviteit L5 SIP'.AN Eenheid, 'IP 13. UMDT op Activiteiten'.'Uren € (handmatig) Final', 'IP 13. UMDT op Activiteiten'.Final Q, 'IP 19. UMDT op L3++ Thema''s'.'Uren € (handmatig) Final', 'IP 19. UMDT op L3++ Thema''s'.Uren, 'IP 19. UMDT op L3++ Thema''s'.Final Q, 'CA 21. Berekend UMDT op Activiteit'.Uren, 'IM 99. Lookup lists'.Stelpost, 'IM 99. Lookup lists'.Stuks",3,false
FTE Type L1,Totaal FTE,,false,false,,false,,,false,,false,,,2,,'IM 09. FTE Type L1',"'IM 99. Lookup lists'.'FTE - Totaal', 'IM 09. FTE Type L1'.ITEM, 'IM 10. FTE Type L2'.Parent","'└ IP 10e. Maand FTE Verdeling naar KP'.Waarde in Kostenplaats, 'IM 99. Lookup lists'.'FTE - Totaal', 'IM 09. FTE Type L1'.ITEM",3,false
FTE Type L2,,FTE Type L1,false,false,,false,,SS - FTE Type FSP,false,,false,,,4,,"'RP 24. FTE Versie Variance Totals', 'IM 10. FTE Type L2'","'IM 99. Lookup lists'.'FTE - Eigen', 'IM 99. Lookup lists'.'FTE - Inleen', 'IM 10. FTE Type L2'.ITEM","'IM 99. Lookup lists'.'FTE - Eigen', 'IM 99. Lookup lists'.'FTE - Inleen', 'IM 10. FTE Type L2'.ITEM",5,false
F1 Functiegroepen,Totaal,,false,false,,false,,,false,,false,,,2,,,,"'IP 39. Dekking % Prestatiesoorten'.Opslag per uur, 'CA 56. Opslag per uur'.Totaal dekking uren, 'CA 56. Opslag per uur'.'Calc -Totaal Opslag per uur'",2,false
F2 Prestatiesoorten,,F1 Functiegroepen,false,false,,false,Display Name: Text,,true,Display Name,false,,,165,,"'DA 03. SRT data Productieve uren', 'DA 36. Loonkosten Afdeling', 'DA 37. Loonkosten Subafdeling', 'IP 33. Loonkosten', 'IP 36. Verdeling FTEs naar prestatiesoorten', 'CA 56. Opslag per uur', 'CA 57. Uurtarief Afdeling'.Uurtarief budget in prestatiesoort, '└CA 57a. Productieve uren', 'CA 58. Uurtarief Subafdeling', 'FI 16. Filter Prestatiesoort', 'IM 47. Prestatiesoorten', 'EX 07. Uurtarief export to Data Hub Subafdeling', 'EX 08. Uurtarief export to Data Hub Afdeling'","'LO 12. Loonkosten Prestatiesoorten'.AN Prestatiesoort, 'IP 38. Loonkosten prestatiesoort'.'Prestatiesoort (SAP)', 'IP 39. Dekking % Prestatiesoorten'.Prestatiesoort, 'CA 57. Uurtarief Afdeling'.Prestatiesoort, 'IM 47. Prestatiesoorten'.Item","'LO 12. Loonkosten Prestatiesoorten'.AN Prestatiesoort, 'IM 47. Prestatiesoorten'.Item",312,false
Gemeente,,RES Regio,false,false,,false,,,false,,false,,,80,,,,,59,false
IAS16 kosten,Totaal niet cf IAS16,,false,false,,false,,,false,,false,,,9,,"'IP 02. IAS16 kosten (cumulatief)', '└IP 02a. IAS16 naar maanden', 'IM 72. IAS 16 Inflatie'","'IM 99. Lookup lists'.SPP, 'IM 99. Lookup lists'.Consignatiedienst, 'IM 99. Lookup lists'.PPO, 'IM 99. Lookup lists'.CSR, 'IM 99. Lookup lists'.BBL Leerlingen, 'IM 99. Lookup lists'.Change activiteiten, 'IM 99. Lookup lists'.Opleidingskosten, 'IM 99. Lookup lists'.'Overig IAS 16'","'CA 44. Inflatie Staging'.Inflatie, 'IM 99. Lookup lists'.SPP, 'IM 99. Lookup lists'.Consignatiedienst, 'IM 99. Lookup lists'.PPO, 'IM 99. Lookup lists'.CSR, 'IM 99. Lookup lists'.BBL Leerlingen, 'IM 99. Lookup lists'.Change activiteiten, 'IM 99. Lookup lists'.Opleidingskosten, 'IM 99. Lookup lists'.'Overig IAS 16'",9,false
IC Code,Totaal IC Codes,,false,true,,false,,SS IC Code - C5NA1,false,,false,,,318,"04/12/2024 - May be used later, don't delete for now",,"'IP 11. IC & Leenmonteurs input'.IC code, 'IM 04. Entiteit'.IC Code, 'MA 14. Mapping IC code en Organization L3 (DAA)'.IC code","'IM 04. Entiteit'.IC Code, 'MA 14. Mapping IC code en Organization L3 (DAA)'.IC code",318,false
Import Scenario,Totaal,,false,false,,false,,"SS - Import Scenario - Budget/Actual, SS - Import Scenario - Budget only, SS - Import Scenario - Actuals only, SS - Import Scenario - Actuals/LE",false,,false,,,6,,"'IP 31. Netverder', 'CA 14. FTE Versie Variance', 'CA 99. Samenvatting', 'RP 06. samenvatting MJP', '└ RP 06a. samenvatting COEA', '└ RP 06b. Variantie Analyse', 'RP 07. formatie ontwikkeling', '└ RP 07a. Variantie Analyse', 'RP 08. Formatie MJP', '└ RP 08a. Variantie Analyse', 'RP 09. Afdelingskosten', 'RP 10 MJP CAPEX - UMD', '└ RP 10a. MJP CAPEX - Specificatie', '└ RP 10a. MJP CAPEX - LIS Based', 'RP 11. MJP OPEX - UMD', '└ RP 11a. MJP OPEX - Specificatie', '└ RP 11a. MJP OPEX - LIS Based', 'RP 12. MJP EXTERN - UMD', '└ RP 12a. MJP Extern - Specificatie', 'RP 17. KPI Waarde report creation', 'RP 18. KPI Waarde over years', '└ RP 18a. Powerpoint KPI''s Waarde', 'RP 24. FTE Versie Variance Totals', '└ FI 07j. User Filters - Import Scenario', '└ FI 07ag. User Filters - Suppress Zeroes OPEX', '└ FI 07ah. User Filters - Suppress Zeroes CAPEX', 'IM 07. Import Scenario''s', '└ SET 01b. Import Scenario Dashboard Settings', '└ SET 01c. Import Scenatio Dashboard Settings Monthly'","'IM 07. Import Scenario''s'.ITEM, 'SET 01. Import Scenario Settings'.Select Import Scenario, 'SET 01. Import Scenario Settings'.Select Import Scenario for Export, '└ SET 01a. Import Scenario Settings Monthly'.Select Import Scenario","'CA 41. Netverder Inflatie'.Kosten, 'CA 41. Netverder Inflatie'.Omzet, 'CA 41. Netverder Inflatie'.Bruto CAPEX, 'CA 41. Netverder Inflatie'.BAK, 'CA 41. Netverder Inflatie'.Subsidie, '└ RP 06c.TOTEX Analyse'.MJP, 'RP 07. formatie ontwikkeling'.Intern, 'RP 07. formatie ontwikkeling'.Extern, 'IM 07. Import Scenario''s'.ITEM, 'IM 07. Import Scenario''s'.Actual?, 'IM 07. Import Scenario''s'.LE?, 'IM 07. Import Scenario''s'.Budget LY?, 'IM 07. Import Scenario''s'.MJP?, 'IM 07. Import Scenario''s'.MJP Inflatie?, 'SET 01. Import Scenario Settings'.Select Import Scenario, 'SET 01. Import Scenario Settings'.ACT?, 'SET 01. Import Scenario Settings'.BUD?, '└ SET 01a. Import Scenario Settings Monthly'.Select Import Scenario, '└ SET 01a. Import Scenario Settings Monthly'.ACT?, '└ SET 01a. Import Scenario Settings Monthly'.BUD?, '└ SET 01b. Import Scenario Dashboard Settings'.Show? Ex inflation, '└ SET 01b. Import Scenario Dashboard Settings'.'Show? Inc and Ex inflation', '└ SET 01b. Import Scenario Dashboard Settings'.Show? Inc Inflation, '└ SET 01b. Import Scenario Dashboard Settings'.Show? Without Budget Ex Inflation, '└ SET 01b. Import Scenario Dashboard Settings'.Show? Without Budget Inc Inflation, '└ SET 01b. Import Scenario Dashboard Settings'.Show? Netverder, '└ SET 01b. Import Scenario Dashboard Settings'.Show? Historic no Budget, '└ SET 01c. Import Scenatio Dashboard Settings Monthly'.Kwartalen",6,false
Frequentie,,,false,false,,false,,,false,,false,,,3,,,"'IP 22. Create KPI_Afdeling'.Frequentie, 'RP 18. KPI Waarde over years'.Frequentie, 'IM 43. KPI_Afdeling'.Frequentie",,4,false
IP Kenmerk,,,false,false,,false,,,true,,false,,,10,,,,,11,false
IKT items,,,false,false,,false,,,false,,false,,,5,,"'IP 42. IKT Budget', 'IP 43. IKT Growth', 'CA 59. IKT', 'IM 61. IKT items', '└EX 01b. Export IKT Data  to FSP'",'IM 61. IKT items'.Item,'IM 61. IKT items'.Item,6,false
Inflatie excl/incl,,,false,false,,false,,"ss Inflatie Excl, ss Inflatie Incl",false,,false,,,2,,"'└ IP 16c. Toeslagen percentages', 'CA 07. Variante SIP/MJP', '└ CA 22a. Berekening toeslagen', '└ CA 22a. Berekening toeslagen - Copy', '└ CA 22b. Collect toeslagen', '└ CA 22c. Collect indirecte toeslagen', 'CA 24. Budget Kosten uren uitvoeringskosten-TBD', 'CA 24. MJP Kosten uren uitvoeringskosten', 'CA 34. MJP naar thema''s', 'CA 34. MJP naar thema''s - Meerjarig', 'CA 54. Bezettingsresultaat en dekkingsgraad', 'CA 62. MJP naar thema''s Opex/Capex', 'CA 41. Netverder Inflatie', '└CA 41a. Netverder Inflatie - Naar rekeningcategori', 'RP 03. DB / TS Overview', '└ RP 06c.TOTEX Analyse', 'RP 15. UMDT - Afdeling E/G Regio OPEX', 'RP 29. P&L Overzicht', 'RP 30. Controle DB en TS', '└ FI 07aa. User Filters - Inflation List Selection', '└ FI 07al. User Filters - Suppress Zeroes RP 29', 'IM 69. Inflatie'","'IM 99. Lookup lists'.Exclusief infaltie, 'IM 99. Lookup lists'.Inclusief Inflatie, 'IM 69. Inflatie'.Item","'└ CA 22a. Berekening toeslagen'.Kosten, '└ CA 22a. Berekening toeslagen'.'TOTEX (Exclusief toeslagen)', '└ CA 22a. Berekening toeslagen'.'TOTEX (Exclusief toelsagen) OPSS', '└ CA 22a. Berekening toeslagen'.Toeslagdragende materiaalkosten, '└ CA 22a. Berekening toeslagen - Copy'.Kosten, '└ CA 22a. Berekening toeslagen - Copy'.'TOTEX (Exclusief toeslagen)', '└ CA 22a. Berekening toeslagen - Copy'.'TOTEX (Exclusief toelsagen) OPSS', '└ CA 22a. Berekening toeslagen - Copy'.Toeslagdragende materiaalkosten, '└ CA 22c. Collect indirecte toeslagen'.Verhouding toeslagen geen inflatie, 'CA 24. Budget Kosten uren uitvoeringskosten-TBD'.Wagenpark Kosten, 'CA 24. Budget Kosten uren uitvoeringskosten-TBD'.ICT Kosten, 'CA 24. Budget Kosten uren uitvoeringskosten-TBD'.NS reiskosten, 'CA 24. Budget Kosten uren uitvoeringskosten-TBD'.Huisvestingskosten, 'CA 24. Budget Kosten uren uitvoeringskosten-TBD'.Gereedschap, 'CA 24. Budget Kosten uren uitvoeringskosten-TBD'.Kleding, 'CA 24. Budget Kosten uren uitvoeringskosten-TBD'.Terughaalactie, 'CA 24. Budget Kosten uren uitvoeringskosten-TBD'.Bedrijfsvoering, 'CA 24. Budget Kosten uren uitvoeringskosten-TBD'.Management Fee, 'CA 24. Budget Kosten uren uitvoeringskosten-TBD'.SPP Kosten, 'CA 24. Budget Kosten uren uitvoeringskosten-TBD'.Consignatiedienst, 'CA 24. Budget Kosten uren uitvoeringskosten-TBD'.PPO Kosten, 'CA 24. Budget Kosten uren uitvoeringskosten-TBD'.CSR Kosten, 'CA 24. Budget Kosten uren uitvoeringskosten-TBD'.BBL Leerlingen, 'CA 24. Budget Kosten uren uitvoeringskosten-TBD'.Change activiteiten Kosten, 'CA 24. Budget Kosten uren uitvoeringskosten-TBD'.Opleidingskosten, 'CA 24. Budget Kosten uren uitvoeringskosten-TBD'.'Overig Kosten (IAS 16)', 'CA 24. MJP Kosten uren uitvoeringskosten'.Wagenpark Kosten, 'CA 24. MJP Kosten uren uitvoeringskosten'.ICT Kosten, 'CA 24. MJP Kosten uren uitvoeringskosten'.NS reiskosten, 'CA 24. MJP Kosten uren uitvoeringskosten'.Huisvestingskosten, 'CA 24. MJP Kosten uren uitvoeringskosten'.Gereedschap, 'CA 24. MJP Kosten uren uitvoeringskosten'.Kleding, 'CA 24. MJP Kosten uren uitvoeringskosten'.Terughaalactie, 'CA 24. MJP Kosten uren uitvoeringskosten'.Bedrijfsvoering, 'CA 24. MJP Kosten uren uitvoeringskosten'.Management Fee, 'CA 24. MJP Kosten uren uitvoeringskosten'.Omzet, 'CA 24. MJP Kosten uren uitvoeringskosten'.Personeelkosten, 'CA 24. MJP Kosten uren uitvoeringskosten'.Materiaal Kosten, 'CA 24. MJP Kosten uren uitvoeringskosten'.Diensten Derden, 'CA 24. MJP Kosten uren uitvoeringskosten'.Overige Kosten, 'CA 24. MJP Kosten uren uitvoeringskosten'.IC Kosten, 'CA 24. MJP Kosten uren uitvoeringskosten'.SPP Kosten, 'CA 24. MJP Kosten uren uitvoeringskosten'.Consignatiedienst, 'CA 24. MJP Kosten uren uitvoeringskosten'.PPO Kosten, 'CA 24. MJP Kosten uren uitvoeringskosten'.CSR Kosten, 'CA 24. MJP Kosten uren uitvoeringskosten'.BBL Leerlingen, 'CA 24. MJP Kosten uren uitvoeringskosten'.Change activiteiten Kosten, 'CA 24. MJP Kosten uren uitvoeringskosten'.Opleidingskosten, 'CA 24. MJP Kosten uren uitvoeringskosten'.'Overig Kosten (IAS 16)', 'CA 25. Budget Uren uitvoeringskosten'.Kosten, 'CA 25. MJP Uren uitvoeringskosten'.Kosten, 'CA 25. MJP Uren uitvoeringskosten'.'Kosten incl inflation - Dekking uren', 'CA 25. MJP Uren uitvoeringskosten'.'Kosten incl inflation - Toeslag direct', 'CA 32. Toeslag Indirect MJP'.'Inflatie - Magazijntoeslag %', 'CA 32. Toeslag Indirect MJP'.'Inflatie - OPSS %', 'CA 32. Toeslag Indirect MJP'.'Inflatie - Indirecte toeslag%', 'CA 33. Toeslag indirect dekkings controle'.Toegepaste TOTEX, 'CA 33. Toeslag indirect dekkings controle'.Huidig %, 'CA 34. MJP naar thema''s'.'MJP Totaal tafel/thema', 'CA 34. MJP naar thema''s - Meerjarig'.'MJP Totaal tafel/thema', '└CA 34a MJP thema''s voor RP 10 11 12'.Waarde excl inflatie, '└CA 34a MJP thema''s voor RP 10 11 12'.Waarde incl inflatie, 'CA 41. Netverder Inflatie'.Kosten, 'CA 41. Netverder Inflatie'.Omzet, 'CA 41. Netverder Inflatie'.Bruto CAPEX, 'CA 41. Netverder Inflatie'.BAK, 'CA 41. Netverder Inflatie'.Subsidie, 'RP 03. DB / TS Overview'.#, 'RP 15. UMDT - Afdeling E/G Regio OPEX'.UMDT, '└ FI 07aa. User Filters - Inflation List Selection'.Selection, 'IM 99. Lookup lists'.Exclusief infaltie, 'IM 99. Lookup lists'.Inclusief Inflatie, 'IM 69. Inflatie'.Item, 'EX xx. Export plan to FSP'.'Plan inclusief inflatie en groei (Ketens + Netverder)', '└EX 01a. Export plan to FSP - BAK'.Plan inclusief inflatie en groei",3,false
Intercompany/Leenmonteur,,,false,false,,false,,,false,,false,,,2,,,"'IP 11. IC & Leenmonteurs input'.'Intercompany/Leenmonteur', 'IP 11. IC & Leenmonteurs input'.Intercompany for Copy, 'IM 99. Lookup lists'.Intercompany, 'IM 99. Lookup lists'.Leenmonteur","'IP 11. IC & Leenmonteurs input'.CF Leenmonteur niet Keten, 'IM 99. Lookup lists'.Intercompany, 'IM 99. Lookup lists'.Leenmonteur",3,false
Kostensoort,Totaal Kostensoorten,,false,false,,false,,"SS Kostensoort - zonder CAPEX, SS Kostensoort SIP, SS Kostensoort - FTE, SS Kostensoort - Synergiën, SS Kostensoort - Out of pocket",false,,false,,,8,,"'└DA 03b. Inflatie ( Merge)', '└  FI 07q. User Filters -Kostensoort', 'IM 70. Kostensoort (Inflatie Mapping)'","'IM 99. Lookup lists'.Kostensoort Inleen, 'IM 99. Lookup lists'.Kostensoort Personeel, 'IM 01. Account L12'.Kostensoort, 'IM 52. LIS Budgetitems'.Mapping kostensoorten","'└ IP 16b. Invoer DB/TS Inflatie'.'Format input & Check >100%', '└ IP 16b. Invoer DB/TS Inflatie'.KPI Verdeling % staging, 'IM 99. Lookup lists'.Kostensoort Inleen, 'IM 99. Lookup lists'.Kostensoort Personeel, 'IM 01. Account L12'.'SS - Account L12 - Inleen', 'IM 01. Account L12'.'SS - Account L12 - Personeelskosten'",12,true
KPI's,,,false,true,,false,Display Name: Text,,true,Display Name,false,,,500,,"'└ FI 07e. User Filters - KPI', 'IM 18. KPI Informatie'",'IM 18. KPI Informatie'.ITEM,'IM 18. KPI Informatie'.ITEM,1121,false
KPI's - RGS type,,,false,false,,false,,,false,,false,,,4,,,'IM 18. KPI Informatie'.'KPI type (RGS)',,5,false
KPI's - Excel Code,,,false,false,,false,,,false,,false,,,298,,,'IM 18. KPI Informatie'.Excel Code,,299,false
KPI's - SPIN Code (SIM),,,false,false,,false,,,false,,false,,,503,,,'IM 18. KPI Informatie'.'SPIN Code (SIM)',,504,false
KPI's - Soort,,,false,false,,false,,,false,,false,,,3,,,'IM 18. KPI Informatie'.KPI Soort,,5,false
KPI's - KPI of Groepering,,,false,false,,false,,,false,,false,,,2,,,"'IP 48. KPI report creation input'.KPI of Groepering, 'IM 99. Lookup lists'.'KPI or Randvoorwaarde - KPI', 'IM 99. Lookup lists'.'KPI or Randvoorwaarde - Randvoorwaarde?'","'IM 99. Lookup lists'.'KPI or Randvoorwaarde - KPI', 'IM 99. Lookup lists'.'KPI or Randvoorwaarde - Randvoorwaarde?'",3,false
KPI PPT Paging,,,false,false,,false,,,false,,false,,,4,,,'└ RP 18b. Powerpoint KPI''s Master Data'.PPT Page,'└ RP 18b. Powerpoint KPI''s Master Data'.PPT Page,5,false
OPEX CAPEX,Totaal OPEX + CAPEX,,false,false,,false,,"SS CAPEX, SS OPEX-CAPEX (only OP/CA), SS OPEX, SS OPEX-CAPEX - BAK, SS OPEX-OPEX BAK",false,,false,,,5,,"'LO 13. Load SIP E/G split', 'LO 02. Load SIP Plan - SIP Planvarianten', 'CA 00. SIP Adjusted', '└CA 00a. SIP- Delta Analyse', 'CA 61. Monthly allocation 5 years Opex/Capex', 'CA 62. MJP naar thema''s Opex/Capex', 'IM 66. OPEX/CAPEX', 'EX 01. Export plan to FSP', '└EX 01d. Export Tafel/Thema to FSP'","'LO 01. Load SIP'.AN OPEX CAPEX, 'IM 99. Lookup lists'.OPEX BAK, 'IM 99. Lookup lists'.CAPEX bak, 'IM 19. COEA'.'COEA - OPEX CAPEX', 'IM 66. OPEX/CAPEX'.ITEM, 'MA 09. Mapping OPEX/CAPEX en COEA (Delete After Action)'.'COEA - OPEX CAPEX'","'LO 01. Load SIP'.AN OPEX CAPEX, 'IM 99. Lookup lists'.SS Capex, 'IM 99. Lookup lists'.SS Opex, 'IM 99. Lookup lists'.OPEX BAK, 'IM 99. Lookup lists'.CAPEX bak, 'IM 66. OPEX/CAPEX'.ITEM, 'IM 66. OPEX/CAPEX'.OPEX?, 'IM 66. OPEX/CAPEX'.CAPEX?, 'IM 66. OPEX/CAPEX'.OPEX BAK?, 'IM 66. OPEX/CAPEX'.CAPEX BAK?",5,true
OPEX Type,Totaal OPEX,,false,false,,false,,,false,,false,,,3,,"'RP 15. UMDT - Afdeling E/G Regio OPEX', '└ FI 07bb. User Filters - OPEX Type'","'IP 40. Input Thema L3++ split'.OPEX, 'IP 40. Input Thema L3++ split'.OPEX Final, 'IP 41. Input Activiteit L4+ split'.OPEX, 'IP 41. Input Activiteit L4+ split'.OPEX Final, 'CA 52. UMDT - Thema Regio EG'.OPEX Type, 'CA 53. UMDT - Activiteit Regio EG'.OPEX Type, 'FI 07. User filters - General'.OPEX Type, 'IM 99. Lookup lists'.Regulier","'└ FI 07bb. User Filters - OPEX Type'.'Filter - Selected OPEX Type', 'IM 99. Lookup lists'.Regulier",3,false
Portefeuillehouders,,,false,false,,false,,,false,,false,,,4,,,"'IM 13. Afdeling L5'.RvB, 'IM 18. KPI Informatie'.Portefeuillehouder, 'IM 18. KPI Informatie'.'Handmatig - Portfeulliehouder', 'MA 05. Mapping Afdeling directeuren (Delete After Action)'.RvB",,5,false
Product,Totaal Product,,false,false,,false,,"SS Product - E, SS Product - G, SS Product - Gereguleerd",false,,false,,,4,,"'LO 13. Load SIP E/G split', 'IP 45. Netverliezen Budget', 'IP 46. Netverliezen Future', 'IP 47. Netverliezen Eigenschappen', 'CA 52. UMDT - Thema Regio EG', 'CA 53. UMDT - Activiteit Regio EG', 'CA 60. Netverliezen Allocatie', 'RP 15. UMDT - Afdeling E/G Regio OPEX', '└ FI 07bc. User Filters - Product', 'IM 08. Product', '└EX 01a. Export netverliezen to FSP'","'LO 04. Load Tafel/Thema SIP'.AN Product, 'FI 07. User filters - General'.Product, 'IM 99. Lookup lists'.Elektra, 'IM 99. Lookup lists'.Gas, 'IM 08. Product'.ITEM, 'IM 34. SIP Activiteit L4'.'Product E/G/O', 'SIP Thema L3'.PAM Product","'LO 04. Load Tafel/Thema SIP'.AN Product, 'CA 52. UMDT - Thema Regio EG'.'UMDT excl. inflatie Thema L3++', 'CA 52. UMDT - Thema Regio EG'.'UMDT incl. inflatie Thema L3++', 'CA 53. UMDT - Activiteit Regio EG'.'UMDT excl. inflatie Activiteit L4+', 'CA 53. UMDT - Activiteit Regio EG'.'UMDT incl. inflatie Activiteit L4+', 'IM 99. Lookup lists'.Elektra, 'IM 99. Lookup lists'.Gas, 'IM 08. Product'.ITEM",4,false
Provincie,Totaal,,false,false,,false,,,false,,false,,,7,,,,,7,false
RES Regio,,Provincie,false,false,,false,,,false,,false,,,22,,,,,16,false
Regio,Totaal Regio,,false,false,,false,,,false,,false,,,6,,"'RP 15. UMDT - Afdeling E/G Regio OPEX', '└ FI 07bd. User Filters - Regio', 'IM 46. Regio'","'IP 40. Input Thema L3++ split'.Regio, 'IP 40. Input Thema L3++ split'.Regio Final, 'IP 41. Input Activiteit L4+ split'.Regio, 'IP 41. Input Activiteit L4+ split'.Regio Final, 'CA 52. UMDT - Thema Regio EG'.Regio, 'CA 53. UMDT - Activiteit Regio EG'.Regio, 'FI 07. User filters - General'.Regio, 'IM 99. Lookup lists'.Regio overig, 'IM 46. Regio'.Item","'IM 99. Lookup lists'.Regio overig, 'IM 46. Regio'.Item",6,false
Rekeningcategorie,Totaal,,false,false,,false,,"SS Rekeningcategorie - Acticvering, SS Rekeningcategorie - Omzet, SS Rekeningcategorie - Personeel, SS Rekeningcategorie - Uren, SS Rekeningcategorie - Toeslag Direct, SS Rekeningcategorie - Toeslag Indirect, SS Rekeningcategorie - Doorbelastingen, SS Rekeningcategorie - IC, SS Rekeningcategorie - IAS 16, SS Rekeningcategorie - Combined, SS Rekeningcategorie - UMD, SS Rekeningcategorie - MJP, SS Rekeningcategorie - excl. IAS 16, SS Rekeningcategorie - UMDT",false,,false,,,13,,"'└ DA 31b.  Historical Data Aggregated'.Waarde per Rekeningcategorie, 'IP 10. Verdeling naar kostenplaatsen', 'IP 10x2. NEW Handmatig Verdeling naar KP', '└ IP 10a NEW. Verdeling naar grootboekrekening', 'CA 01. SIP - continued', 'CA 11 NEW. Verdeling naar Grootboekrekening', '└ CA 11a NEW. Verdeling naar maand overzicht', 'CA 16 NEW. Controle Dekking COEA', 'CA 50. Monthly allocation key FSP', 'CA 51. Monthly allocation 5 years', 'CA 54. Bezettingsresultaat en dekkingsgraad'.'Unicode split to COEA, RC and Afdeling', 'CA 61. Monthly allocation 5 years Opex/Capex', '└CA 41a. Netverder Inflatie - Naar rekeningcategori'.Totaal netverder, 'CA 44. Inflatie Staging', 'CA 46 Cost + Inflatie', 'RP 16 NEW. MJP Inflatie', 'RP 29. P&L Overzicht', 'RP 22. COEA Versie Variance', 'RP 23. Controle Dekking Uren', 'RP 30. Controle DB en TS', 'RP 28. Controle Volledigheid GBR/Maand', '└ FI 07af. User Filters - Suppress Zeroes IP 10a NEW', '└ FI 07al. User Filters - Suppress Zeroes RP 29', '└ FI 07ba. User Filters - Rekeningcategorie', 'IM 33. Rekeningcategorie', 'MA 03. LIS DA04 to Rekeningcategorie', 'MA 04. Mapping Rekeningcategorie naar COEA', 'MA 05. Automatische allocatie', 'MA 06. NEW. COEA -> Rekeningcategorie', 'MA 15. COEA -> Rekeningcategorie', 'EX 01. Export plan to FSP', 'EX xx. Export plan to FSP', 'MA 10. Kostencategorieen <> subset (DAA)'","'└ IP 10a. Verdeling naar grootboekrekening'.Rekeningscategorie, '└ IP 10c. Selecteer seizoenspatroon'.Rekeningcategorie, 'CA 11. Verdeling naar Grootboekrekening overzicht'.Rekcat, 'FI 07. User filters - General'.Rekeningcategorieen, '└ FI 07f. User Filters - Account'.Rekeningcategorie, '└  FI 07p. User Filters - Accounts Active SS'.Mapped Rekeningcategorie, '└ FI 07ba. User Filters - Rekeningcategorie'.ITEM, 'IM 99. Lookup lists'.'RC - Activering', 'IM 99. Lookup lists'.'RC - Omzet', 'IM 99. Lookup lists'.'RC - Personeelkosten', 'IM 99. Lookup lists'.'RC - Materiaal Kosten', 'IM 99. Lookup lists'.'RC - Diensten Derden', 'IM 99. Lookup lists'.'RC - Overige Kosten', 'IM 99. Lookup lists'.'RC - Uren', 'IM 99. Lookup lists'.'RC - Toeslag direct', 'IM 99. Lookup lists'.'RC - Toeslag indirect', 'IM 99. Lookup lists'.'RC - Doorbelastingen', 'IM 99. Lookup lists'.'RC - IC Kosten', 'IM 99. Lookup lists'.'RC - niet cf IAS 16', '└ IM 01a. Account L12 - used'.Mapping Rekeningcategorie, 'IM 20. COEA-KP-ACC'.Rekeningcategorie, 'IM 33. Rekeningcategorie'.Item, 'IM 52. LIS Budgetitems'.Mapping Rekeningcategorie, 'IM 73. Mapping DA 45 -> Kostencategorie'.Mapping, 'IM 74. LIS CA21 Mappings'.Rekeningcategorie Inflatie, 'IM 75. LIS CA23 Mappings'.Rekeningcategorie Inflatie, 'MA 58. UMD to Toeslag Indirect'.Mapping UMD, 'MA 63. LIS (CA 29) MJP to rekeningcategorie'.Rekeningcategorie, 'MA 64 LIS CA 29 to Rekeningcategorie'.Mapping, 'Account L12'.Kostensoort GREN","'IP 10x1. NEW Afdelingkosten naar KP'.Niet personeel kosten, '└ IP 10d. Calculatie seizoenspatronen'.Inflatie %, '└CA 16a. Controle UMD vs Thema'.Te groot?, '└CA 16a. Controle UMD vs Thema'.CF te groot, '└CA 16a. Controle UMD vs Thema'.Afdeling per Dummy Maand Delta %, 'CA 20. Toeslag Direct'.Berekend, 'CA 20. Toeslag Direct'.Total kosten, 'CA 29. MJP naar Afdelingen'.Omzet, 'CA 29. MJP naar Afdelingen'.Materiaal, 'CA 29. MJP naar Afdelingen'.Diensten Derden, 'CA 29. MJP naar Afdelingen'.Toeslag Direct, 'CA 29. MJP naar Afdelingen'.Overige Kosten, 'CA 44. Inflatie Staging'.Inflatie, 'RP 14. UMDT - Kostenplaats'.Uren, 'RP 14. UMDT - Kostenplaats'.Materiaal, 'RP 14. UMDT - Kostenplaats'.Diensten Derden, 'RP 14. UMDT - Kostenplaats'.'TS - Direct', 'RP 14. UMDT - Kostenplaats'.'TS - Indirect', '└ FI 07ba. User Filters - Rekeningcategorie'.ITEM, '└ FI 07ba. User Filters - Rekeningcategorie'.'Filter - Rekeningcategorie - Empty is total', 'IM 99. Lookup lists'.'RC - Activering', 'IM 99. Lookup lists'.'RC - Omzet', 'IM 99. Lookup lists'.'RC - Personeelkosten', 'IM 99. Lookup lists'.'RC - Materiaal Kosten', 'IM 99. Lookup lists'.'RC - Diensten Derden', 'IM 99. Lookup lists'.'RC - Overige Kosten', 'IM 99. Lookup lists'.'RC - Uren', 'IM 99. Lookup lists'.'RC - Toeslag direct', 'IM 99. Lookup lists'.'RC - Toeslag indirect', 'IM 99. Lookup lists'.'RC - Doorbelastingen', 'IM 99. Lookup lists'.'RC - IC Kosten', 'IM 99. Lookup lists'.'RC - niet cf IAS 16', '└ IM 01a. Account L12 - used'.Mapping Rekeningcategorie, 'IM 20. COEA-KP-ACC'.Rekeningcategorie, 'IM 33. Rekeningcategorie'.Item, 'IM 62 Kostenplaats'.Value in budget?, 'MA 64 LIS CA 29 to Rekeningcategorie'.Mapping, 'EX xx. Export plan to FSP'.Plan exclusief inflatie, 'EX xx. Export plan to FSP'.Plan inclusief inflatie, 'EX xx. Export plan to FSP'.'Plan inclusief inflatie en groei (Ketens + Netverder)'",14,false
Risico & Kansen items,,SS Afdeling L5 - Budget Afdelingen,false,true,,false,Display Name: Text,,true,Display Name,false,,,175,,"'IP 03. Risico & Kansen', 'RP 19. Risico & Kansen', 'IM 14. Risico''s  & Kansen'",,"'RP 19. Risico & Kansen'.Afdeling Filter, 'IM 14. Risico''s  & Kansen'.Parent item, 'IM 14. Risico''s  & Kansen'.Parent",136,false
Risico & Kansen soort,,,false,false,,false,,,false,,false,,,3,,"'IP 03. Risico & Kansen', '└IP 03a. Naar jaren', 'CA 05. Risico & Kansen', 'RP 19. Risico & Kansen', 'IM 15. Risico & Kansen soorten'","'IP 03. Risico & Kansen'.'R&K Soort', 'RP 19. Risico & Kansen'.'R&K Soort', 'MA 13. R&K Mapping'.'R&k Soort', 'Risico & Kansen kostensoorten'.'R&K Soort'","'IP 03. Risico & Kansen'.'R&K Soort', 'RP 19. Risico & Kansen'.'R&K Soort'",4,false
Risico & Kansen kostensoorten,,,false,false,,false,R&K Soort: Risico & Kansen soort,,false,,false,,,17,,'MA 13. R&K Mapping',"'IP 03. Risico & Kansen'.Kostensoort, 'RP 19. Risico & Kansen'.Kostensoort",,44,false
Technische staat,,,false,false,,false,,,false,,false,,,4,,,,,5,false
Soort (SAP BPC),,,false,false,,false,,,false,,false,,,13,,'IM 76. Grouping SAP BPC to COEA','DA 31. Historical data SAP BPC'.AN Soort,'DA 31. Historical data SAP BPC'.AN Soort,14,false
Strategische doelen,,,false,false,,false,,,false,,false,,,9,,,'IM 18. KPI Informatie'.Strategisch Thema,,10,false
Strategische initiatieven,,Strategische doelen,false,false,,false,,,true,,false,,,9,,,,,1,false
User Filters,,,false,false,,false,,,false,,false,,,7,,'IM 29. User filter','FI 02. User Filter Years'.Filter,'FI 03. User Filter Years II'.Show?,8,false
UMDT Items,,,false,false,,false,,,false,,false,,,11,,"'CA 52. UMDT - Thema Regio EG', 'CA 53. UMDT - Activiteit Regio EG', 'RP 13. UMDT - Afdeling', 'RP 15. UMDT - Afdeling E/G Regio OPEX', '└ FI 07ad. User Filters - Suppress Zeroes RP13', '└ FI 07aj. User Filters - Suppress Zeroes RP15', 'IM 77. UMDT Items to CA21 SS & CA 23 SS'",'IM 99. Lookup lists'.UMDT Total,"'CA 34. MJP naar thema''s'.'Allocatie Jaar 1', 'IM 99. Lookup lists'.UMDT Total",12,false
Uurtarieven niveau's,Totaal,,false,false,,false,,,false,,false,,,7,,'IP 15. Uurtarieven',"'IP 13. UMDT op Activiteiten'.Uurtarief Selectie, 'IP 19. UMDT op L3++ Thema''s'.Uurtarief Selectie, 'CA 21. Berekend UMDT op Activiteit'.Uurtarief, 'CA 23. Berekend UMDT op L3++ Thema''s'.Uurtarief","'IP 15. Uurtarieven'.Totaal Uren Dekking, 'IP 15. Uurtarieven'.Totaal Productieve uren, 'IP 15. Uurtarieven'.Final Dekking, 'IP 15. Uurtarieven'.Final Productieve uren, 'IP 15. Uurtarieven'.Write?",8,false
▶️ Technical list ◀️,,,false,false,,false,,,false,,false,,,0,,,,,1,false
Support list dep,,,false,false,,false,,,false,,false,,,5,,'IM 71. Support List Dep','LO 01. Load SIP'.Finditem suppport list,'LO 01. Load SIP'.Finditem suppport list,6,false
Dummy COEA,,,false,false,,false,,,false,,false,,,3,,,"'IP 13. UMDT op Activiteiten'.'COE - Activiteit', 'IP 19. UMDT op L3++ Thema''s'.'COE - Activiteit'",,4,false
Dummy Total,All,,false,false,,false,,,false,,false,,,2,,"'IP 10. Verdeling naar kostenplaatsen'.Berekend DUMMY, '└ IP 10b. Verdeling naar grootboekrekening - Import'.'Waarde - collect', '└ IP 10b. Verdeling naar grootboekrekening - Import'.'Waarde - Collect [NEW]', 'IP 39. Dekking % Prestatiesoorten'.Opslag per uur, 'CA 01. SIP - continued'.Totaal CAPEX ex inflatie, 'CA 01. SIP - continued'.Totaal CAPEX incl inflatie, 'CA 14. FTE Versie Variance'.'Dummy Versie 1', 'CA 14. FTE Versie Variance'.'Dummy Versie 2', 'CA 17. Controle Volledigheid KP/GBR/Maand/Thema'.Nog te verdelen Grootboekrekening per dummy, 'CA 17. Controle Volledigheid KP/GBR/Maand/Thema'.Nog te verdelen Maanden per dummy, '└ CA 21a. Allocatie naar Kostenplaats Activiteit L4+', '└ CA 21c. UMDT + Inflatie (L4+)'.UMDT inclusief inflatie, '└ CA 21c. UMDT + Inflatie (L4+)'.'UMDT inclusief inflatie 2', '└ CA 23c. UMDT + Inflatie (L3+)'.UMDT Inclusief inflatie, '└ CA 23c. UMDT + Inflatie (L3+)'.'UMDT inclusief inflatie 2', 'CA 25. Budget Uren uitvoeringskosten'.'Dekking in uren - zonder IAS 16', 'CA 25. Budget Uren uitvoeringskosten'.'Toeslag direct -  zonder IAS 16', 'CA 25. Budget Uren uitvoeringskosten'.Dekking uren uitvoeringskosten Dummy Total, 'CA 25. MJP Uren uitvoeringskosten'.'Dekking in uren - zonder IAS 16', 'CA 25. MJP Uren uitvoeringskosten'.'Toeslag direct -  zonder IAS 16', 'CA 25. MJP Uren uitvoeringskosten'.'Kosten incl inflatie -  uren - zonder IAS 16', 'CA 25. MJP Uren uitvoeringskosten'.'Kosten incl inflatie -  toeslag direct - zonder IAS 16', '└CA 35a. Monthly allocation Activity L4+'.'Overwrite Allocation (SUM)', '└CA 35d. Monthly allocation Thema L3++'.'Overwrite Allocation (SUM)', '└CA 35f. Monthly allocation Thema L3++ to UMDT  to KP'.Allocated, '└CA 35f. Monthly allocation Thema L3++ to UMDT  to KP'.Allocated Sum, 'CA 36. Doorbelastingen naar Maand'.Doorbelastingen Totaal, 'CA 42. Materiaal Staging Thema L3++'.Materiaal Magazijn Monthly, 'CA 42. Materiaal Staging Thema L3++'.Materiaal Overig Monthly, 'CA 42. Materiaal Staging Thema L3++'.Materiaal Magazijn zonder thema, 'CA 42. Materiaal Staging Thema L3++'.Materiaal Overig zonder thema, 'CA 43. Materiaal Staging Activiteit L4+'.Materiaal Magazijn Monthly, 'CA 43. Materiaal Staging Activiteit L4+'.Materiaal Overig Monthly, 'CA 43. Materiaal Staging Activiteit L4+'.materiaal magazijn zonder activiteit, 'CA 43. Materiaal Staging Activiteit L4+'.materiaal overig zonder activiteit, 'CA 56. Opslag per uur'.'Calc -Totaal Opslag per uur', '└CA 41a. Netverder Inflatie - Naar rekeningcategori'.Totaal OPEX naar OEA, '└CA 41a. Netverder Inflatie - Naar rekeningcategori'.Totaal CAPEX naar C, 'RP 16. MJP Inflatie'.CAPEX Dashboarding, 'RP 16. MJP Inflatie'.TOTAL dashboarding, 'RP 16. MJP Inflatie'.TOTEX Dashboarding, 'RP 16. MJP Inflatie'.EBITDA Dashbaording, 'RP 16. MJP Inflatie'.Totex exclusief toeslagen, 'RP 16. MJP Inflatie'.Average inflation, 'RP 27. Check report overview'.Uitvoeringskosten Dummy, 'IM 43. KPI_Afdeling'.Count total, 'IM 43. KPI_Afdeling'.Verplicht ANY, 'IM 43. KPI_Afdeling'.Due Date MIN, 'IM 43. KPI_Afdeling'.MAX KPI nummering, 'SEC 03. Subset Account L12 - Budget Access'.Waarde Dummy Versie, 'SEC 03. Subset Account L12 - Budget Access'.Waarde Dummy Totaal","'IP 23. KPI Admin'.Summing, 'CA 14. FTE Versie Variance'.'LIS (FS 05) Dummy Summing Item', '└ CA 21a. Allocatie naar Kostenplaats Activiteit L4+'.Dummy Total, '└ CA 21a NEW. Allocatie naar CC Activiteit L4+ - Copy'.Dummy Total, '└CA 35a. Monthly allocation Activity L4+'.Dummy Summing Item, '└CA 35d. Monthly allocation Thema L3++'.Dummy Summing Item, 'IM 41. Thema L3 ++'.Summary Item, 'IM 43. KPI_Afdeling'.Dummy, 'IM 44 LIS (CA 24) Kostencategorieen voor Uurtariefen'.'Totaal niet cf IAS 16', 'IM 44 LIS (CA 24) Kostencategorieen voor Uurtariefen'.Totaal kosten, 'IM 44 LIS (CA 24) Kostencategorieen voor Uurtariefen'.'Totaal Kosten excl niet cf IAS 16', 'IM 44 LIS (CA 24) Kostencategorieen voor Uurtariefen'.'v2', 'IM 45 LIS (CA 24) Kostencategorieen voor Uurtariefen no time'.'Totaal niet cf IAS 16', 'IM 45 LIS (CA 24) Kostencategorieen voor Uurtariefen no time'.Totaal kosten, 'IM 45 LIS (CA 24) Kostencategorieen voor Uurtariefen no time'.'Totaal Kosten excl niet cf IAS 16', 'IM 52. LIS Budgetitems'.Summing Item, 'IM 63. DB/TS'.Summing Item, 'IM 65. Activiteit L4+_Kostenplaats'.Summary Item, 'IM 74. LIS CA21 Mappings'.Dummy, 'IM 75. LIS CA23 Mappings'.Dummy, 'MA 03. LIS DA04 to Rekeningcategorie'.Dummy, 'MA 60. LIS (CA 29) MJP to LIS (DA 04) cumulative'.TOTEX, 'MA 60. LIS (CA 29) MJP to LIS (DA 04) cumulative'.EBITDA, 'MA 60. LIS (CA 29) MJP to LIS (DA 04) cumulative'.Netverder, 'MA 60. LIS (CA 29) MJP to LIS (DA 04) cumulative'.TOTEX exclusief toeslagen, 'SET 05. MJP Version Control'.Summing Item","'IP 10. Verdeling naar kostenplaatsen'.Berekend, '└ IP 10b. Verdeling naar grootboekrekening - Import'.Waarde, 'IP 14. Directe toeslagen'.Te dekken kosten, 'IP 23. KPI Admin'.Summing, '└CA 00a. SIP- Delta Analyse'.'MJP Inclusief Inflatie (DA47)', 'CA 01. SIP - continued'.LTF Inflatie voor jaren na MJP, 'CA 04. FTE naar COEA'.Uren Uitveringskosten, 'CA 14. FTE Versie Variance'.'Versie 1 - Totaal', 'CA 14. FTE Versie Variance'.'Versie 2 - Totaal', 'CA 14. FTE Versie Variance'.'LIS (FS 05) Dummy Summing Item', '└CA 16a. Controle UMD vs Thema'.'Thema/Activiteit', 'CA 17. Controle Volledigheid KP/GBR/Maand/Thema'.Nog te verdelen Maanden, '└ CA 21a. Allocatie naar Kostenplaats Activiteit L4+'.Dummy Total, 'CA 25. MJP Uren uitvoeringskosten'.Inflation % Dekking Uren, 'CA 25. MJP Uren uitvoeringskosten'.Inflation % Toeslag Direct, '└ CA 25a. FTE & Uurtarief input'.'Uren Dekking - Afdelingskosten (€)', 'CA 29. MJP naar Afdelingen'.Toeslag Direct, 'CA 31. Toeslag Direct MJP'.Toeslag MJP, 'CA 32. Toeslag Indirect MJP'.'Inflatie - MJP Totex exclusief toeslagen', 'CA 32. Toeslag Indirect MJP'.'Inflatie - Totex exclusief toeslagen', 'CA 34. MJP naar thema''s'.'MJP Totaal tafel/thema', 'CA 34. MJP naar thema''s - Meerjarig'.'MJP Totaal tafel/thema', '└CA 35a. Monthly allocation Activity L4+'.Dummy Summing Item, '└CA 35b. Monthly allocation Activity L4+ to UMDT'.Allocated, '└CA 35d. Monthly allocation Thema L3++'.Dummy Summing Item, '└CA 35e. Monthly allocation Thema L3++ to UMDT'.Allocated, '└CA 35f. Monthly allocation Thema L3++ to UMDT  to KP'.'Allocated - Toeslag Indirect', '└CA 35f. Monthly allocation Thema L3++ to UMDT  to KP'.'Allocated - Magazijntoeslag', '└CA 35f. Monthly allocation Thema L3++ to UMDT  to KP'.'Allocated - OPSS', '└CA 35g. Monthly allocation on thema L3'.'Activiteit (Inclusief inflatie)', '└CA 35g. Monthly allocation on thema L3'.'Thema (Inclusief inflatie)', 'CA 39. Other Rekeningcategorie GBR'.Doorbelasting, 'CA 39. Other Rekeningcategorie GBR'.Thema, 'CA 42. Materiaal Staging Thema L3++'.Materiaal Magazijn Monthly, 'CA 42. Materiaal Staging Thema L3++'.Materiaal Overig Monthly, 'CA 42. Materiaal Staging Thema L3++'.'L12 Allocation Magazijn', 'CA 42. Materiaal Staging Thema L3++'.'L12 Allocation Overig', 'CA 43. Materiaal Staging Activiteit L4+'.Materiaal Magazijn Monthly, 'CA 43. Materiaal Staging Activiteit L4+'.Materiaal Overig Monthly, 'CA 43. Materiaal Staging Activiteit L4+'.'L12 Allocatie Magazijn', 'CA 43. Materiaal Staging Activiteit L4+'.'L12 Allocatie Overig', 'CA 40. BAK Inflatie + Meerjarig'.Gemiddelde inflatie, 'CA 41. Netverder Inflatie'.Gemiddelfde inflatie CAPEX, 'CA 41. Netverder Inflatie'.Gemiddelde inflatie OPEX, '└CA 41a. Netverder Inflatie - Naar rekeningcategori'.Totaal OPEX, '└CA 41a. Netverder Inflatie - Naar rekeningcategori'.Totaal CAPEX, 'RP 06. samenvatting MJP'.'EBITDA (incl. inflatie)', 'RP 06. samenvatting MJP'.'TOTEX (incl inflatie)', 'RP 09. Afdelingskosten'.'Resultaat (incl. inflatie)', 'RP 10 MJP CAPEX - UMD'.'Capex (inc. inflatie)', 'RP 11. MJP OPEX - UMD'.'Opex (incl. inflatie)', 'RP 12. MJP EXTERN - UMD'.'Extern (incl. inflatie)', 'RP 14. UMDT - Kostenplaats'.Uren, 'RP 14. UMDT - Kostenplaats'.Materiaal, 'RP 14. UMDT - Kostenplaats'.Diensten Derden, 'RP 14. UMDT - Kostenplaats'.'TS - Direct', 'RP 14. UMDT - Kostenplaats'.'TS - Indirect', 'IM 41. Thema L3 ++'.Summary Item, 'IM 43. KPI_Afdeling'.Oplevering datum, 'IM 43. KPI_Afdeling'.Dummy, 'IM 43. KPI_Afdeling'.Count total DB, 'IM 52. LIS Budgetitems'.Summing Item, 'IM 63. DB/TS'.Summing Item, 'IM 65. Activiteit L4+_Kostenplaats'.Summary Item, 'IM 74. LIS CA21 Mappings'.Dummy, 'IM 75. LIS CA23 Mappings'.Dummy, 'SET 05. MJP Version Control'.Summing Item, 'EX 06. Export inflatie to Datahub'.'C -Gemiddelde Inflatie OPEX', 'EX 06. Export inflatie to Datahub'.'C -Gemiddelde inflatie CAPEX', 'SEC 03. Subset Account L12 - Budget Access'.Waarde Totaal",2,false
Dummy Tijd,Total,,false,false,,false,,SS Tijd Dummy - Budget jaren,false,,false,,,70,,,,,70,false
Dummy Maand,Total Periods,,false,false,,false,,,false,,false,,,13,,"'└IP 02a. IAS16 naar maanden', '└ IP 05d. Seizoenspatronen Thema', 'IP 44. Dummy Maand Allocatie', 'IP 45. Netverliezen Budget', '└CA 16a. Controle UMD vs Thema', '└ CA 22c. Collect indirecte toeslagen'.'Verhouding Toeslagen - KP & Dummy Maand', '└CA 35a. Monthly allocation Activity L4+', '└CA 35b. Monthly allocation Activity L4+ to UMDT', '└CA 35c. Monthly allocation Activity L4+ to UMDT - Copy', '└CA 35d. Monthly allocation Thema L3++', '└CA 35e. Monthly allocation Thema L3++ to UMDT', '└CA 35f. Monthly allocation Thema L3++ to UMDT  to KP', '└CA 35g. Monthly allocation on thema L3', 'CA 38. Toeslagen GBR', 'CA 39. Other Rekeningcategorie GBR', 'CA 42. Materiaal Staging Thema L3++'.Materiaal Magazijn Monthly, 'CA 42. Materiaal Staging Thema L3++'.Materiaal Overig Monthly, 'CA 42. Materiaal Staging Thema L3++'.Materiaal Magazijn zonder thema, 'CA 42. Materiaal Staging Thema L3++'.Materiaal Overig zonder thema, 'CA 42. Materiaal Staging Thema L3++'.'L12 Allocation Magazijn', 'CA 42. Materiaal Staging Thema L3++'.'L12 Allocation Overig', 'CA 43. Materiaal Staging Activiteit L4+'.Materiaal Magazijn Monthly, 'CA 43. Materiaal Staging Activiteit L4+'.Materiaal Overig Monthly, 'CA 43. Materiaal Staging Activiteit L4+'.materiaal magazijn zonder activiteit, 'CA 43. Materiaal Staging Activiteit L4+'.materiaal overig zonder activiteit, 'CA 43. Materiaal Staging Activiteit L4+'.'L12 Allocatie Magazijn', 'CA 43. Materiaal Staging Activiteit L4+'.'L12 Allocatie Overig', 'CA 50. Monthly allocation key FSP', 'CA 54. Bezettingsresultaat en dekkingsgraad', 'CA 60. Netverliezen Allocatie', '└ FI 07ae. User Filters - Suppress Zeroes CA 35c', 'SET 09. Dummy x Tijd x Version'","'SET 02. Tijd Settings - Maand'.Dummy Month, 'SET 08. Tijd x Version x Dummy'.'Maand Mapping (Budget)', 'SET 08. Tijd x Version x Dummy'.'Maand Mapping (MJP)', 'SET 09. Dummy x Tijd x Version'.Dummy","'└ IP 05d. Seizoenspatronen Thema'.'Handmatig driver #1', '└ IP 05d. Seizoenspatronen Thema'.'Handmatig driver #2', '└CA 16a. Controle UMD vs Thema'.Te groot?, '└CA 16a. Controle UMD vs Thema'.CF te groot, 'SET 02. Tijd Settings - Maand'.Dummy Month, 'SET 08. Tijd x Version x Dummy'.'Maand Mapping (Budget)', 'SET 08. Tijd x Version x Dummy'.'Maand Mapping (MJP)', 'SET 09. Dummy x Tijd x Version'.Dummy",13,false
Dummy vandaag,,,false,false,,false,,,false,,false,,,1,,'SET 04. Datum vandaag (Cloudworks)',,'SET 04. Datum vandaag (Cloudworks)'.Datum van vandaag,2,false
Dummy Period,Total,,false,false,,false,,,false,,false,,,14,,'IM 60. Period dummy values','DA 31. Historical data SAP BPC'.AN Period,'DA 31. Historical data SAP BPC'.AN Period,14,false
Support list #1,,,false,false,,false,,,false,,false,,,1,,'IP 27 Sip Thema L3++',,,2,false
Support list #10,Total,,false,false,,false,,,true,,false,,,11,,"'IP 11. IC & Leenmonteurs input', '└ IP 11a. Invoer seizoenspatroon IC handmatig', 'IP 17. UMDT op Kostenplaats', 'IP 20. UMDT Thema''s op Kostenplaats', 'IP 22. Create KPI_Afdeling', 'CA 18. Invoer seizoenspatroon IC', '└  FI 07n. User Fitlers - Afdeling + Support list'",,"'IP 13. UMDT op Activiteiten'.Gealloceerd, 'IP 17. UMDT op Kostenplaats'.'KPI - Total Allocation (%)', 'IP 17. UMDT op Kostenplaats'.'KPI - To allocate', 'IP 19. UMDT op L3++ Thema''s'.Gealloceerd, 'IP 20. UMDT Thema''s op Kostenplaats'.'KPI - Total Allocation (%)', 'IP 20. UMDT Thema''s op Kostenplaats'.'KPI - To allocate', 'IP 22. Create KPI_Afdeling'.New code",11,false
Support list #50,Total,,false,false,,false,,,true,,false,,,51,,"'IP 38. Loonkosten prestatiesoort', 'IP 39. Dekking % Prestatiesoorten', 'IP 48. KPI report creation input', 'CA 57. Uurtarief Afdeling', 'RP 17. KPI Waarde report creation'",,,51,false
