,Functional Area,Applies To,Time Scale,Time Range,Versions,Breakback,Users List,Cell Count,Notes,Read Access Driver,Write Access Driver,Data Tags,Managed By,Referenced By,Used in Dashboards,Line Items
⠀⠀⠀       ◼️ Load Modules,,,Not Applicable,Not Applicable,Not Applicable,New Line Items: Off,Show All Users: On,0,,,,,,,,
LO 01. Load SIP,DELETE,#LOAD SIP,Not Applicable,Not Applicable,Not Applicable,New Line Items: Off,Show All Users: On,2421,HV: Delete? not in pages nor referenced,,,,,,4.2 SIP Import,"OpEx/CapEx, Afdeling, Jaar, Bedrag, FTE, AN Time, AN Afdeling, AN OPEX CAPEX, Clear?, Finditem suppport list"
LO 03. Load SPP Thema's - FTE's,DATA,"MJP Versions L2, SIP Thema L3, SS OPEX-CAPEX (only OP/CA), SS Afdeling L5 - OPS (SIP)",Year,TR MJP,Not Applicable,New Line Items: Off,Show All Users: On,909792,,,,,,'DA 29. Meerjarenplan FTEs per jaar',,"Overig Personeel, Uitvoerend Personeel, Totaal Personeel, Verdeling resterend FTE budget"
LO 04. Load Tafel/Thema SIP,DATA,#Load Tafel/Thema SIP,Not Applicable,Not Applicable,Not Applicable,New Line Items: Off,Show All Users: On,58220,,,,,,"'IM 34. SIP Activiteit L4', 'IM 38. Tafel L2', 'IM 39. Thema L3'",,"Werkstroom, Werkstroom Code, Tafel, Tafel Code, Thema, Thema Code, Thema PAM Product, Thema PAM Product code, Activiteit, Activiteit Code, Activiteit Code - #, Activiteit - Anaplan Code 2026, Activiteit Afdeling, CAPEX/OPEX, In laatste load?, In scope?, In scope? Value, -- Dimensies ---, AN Werkstroom, AN Tafel, AN Thema, AN Activiteit, AN Product, AN COEA, --- FO ---, FO Werkstroom, FO Tafel, FO Thema, FO Activiteit, FO Product, --- Update ---, Update Werkstroom?, Update Tafel?, Update Thema?, Update Activiteit?, Update Product?, --- Maintenance ---, Flag Werkstroom?, Flag Tafel?, Flag Thema?, Flag Activiteit?, --- Technical ---, Clear In Laatste Load, Clear in laatste load 2"
LO 05. Grouping L12 accounts,DATA,#Load Grouping L12 accounts,Not Applicable,Not Applicable,Not Applicable,New Line Items: Off,Show All Users: On,930,Import Source. HV: Delete? not in pages nor referenced. Bring from DH,,,,,,,"List account, Grouped account, AN List account, AN Grouped account"
LO 05. Load Subactiviteit L5 SIP,DATA,#Load Subactiviteit SIP,Not Applicable,Not Applicable,Not Applicable,New Line Items: Off,Show All Users: On,23860,Import Source. Bring from DH,,,,,'IM 35. SIP Subactiviteit L5',,"Subactiviteit, Subactiviteit L5 Code, Subactiviteit L6 Code, Activiteit, Activiteit Code, Activiteit Code -#, Eenheid, in laatste load?, ---DIMENSIONS---, AN Subactiviteit L5, AN Activiteit, AN Subactiviteit L6, AN Eenheid, ---FO---, FO Subactiviteit L5, FO Activiteit, FO Eenheid, ---Update---, Update Subactiviteit L5?, Update Subactiviteit L6?, Update Eenheid?, ---Technical---, Count Subactiviteit L5 Code, Count Subactiviteit L6 Code"
LO 06. Subafdeling,DATA,#Load L6 Subafdeling,Not Applicable,Not Applicable,Not Applicable,New Line Items: Off,Show All Users: On,3675,Import Source. HV: Delete? not in pages nor referenced. Bring from DH,,,,,,,"L - Code Subafdeling, L - Name Subafdeling, L - Code afdeling, L - Display name afdeling, L - Code afdelingsgroup, Name, TECH, Item, List name, Code, Parent Code Load, Parent Display Name in DH, Code created, AN Parent on code, AN Parent on name, AN Parent final, Parent code, Parent does not exist?, Map?, Remap?, Select Parent, AN Subafdeling, Combined filter dashboard, Create?, Create if remapped?, Delete?"
LO 07. Kostenplaats,DATA,#Load L7 Kostenplaats,Not Applicable,Not Applicable,Not Applicable,New Line Items: Off,Show All Users: On,41844,Import Source. HV: Delete? not in pages nor referenced. Bring from DH,,,,,,,"List code, L -Name Afdeling L4, L -Code Afdeling L4, L - Display Name Afdeling L4, L -old code Afdeling L5, L -Code Afdeling L5, L -Display Name Afdeling L5, L -Name Subafdeling L6, L -Code Subafdeling L6, L -Display Name Subafdeling L6, L -Name Kostenplaats L7, L - Code Kostenplaats L7, L -Display Name Kostenplaats L7, L -Active Kostenplaats L7, TECH, AN Afdelingsgroep from code, AN Afdelingsgroep from display name, Overwrite Afdelingsgroep, Final Afdelingsgroep, AN Afdeling from code, AN Afdeling from name, Overwrite Afdeling, FInal Afdeling, Create Afdeling, Code Creation Afdeling L5, Update afdeling, AN Subafdeling from code, Subafdeling concat name, AN Subafdeling from concat name, Overwrite Subafdeling, Final Subafdeling, Create Subafdeling, Update subafdeling, AN Kostenplaats, Display Name AN Kostenplats, Create MJP Kostenplaats, Clear List?, Update MJP Kostenplaats, Parent of Kostenplaats, Parent of Subafdeling, Parent of Afdeling, Afdelingsgroep same?, Afdeling same?, Subafdeling same?, Scope MJP"
LO 08. Import SIP Euro,DATA,"MJP Versions L2, SIP Activiteit L4",Year,TR MJP,Not Applicable,New Line Items: Off,Show All Users: On,188838,Import Source,,,,,'IM 34. SIP Activiteit L4',,"P, Q, Afdeling, - Technical -, AN: DNWG, AN Afdeling, [version copy] P, [version copy] Q, [version copy] Afdeling"
LO 09. Load SPIN KPI Data,DATA,#Load SPIN KPIs,Not Applicable,Not Applicable,Not Applicable,New Line Items: Off,Show All Users: On,66276,Import Source,,,,,,,"KPI ID, KPI Name, Organisatie, Eenheid, YTD berekening, Groepering 1, Categorie, BU FY Waarde, LE Waarde, Content Leverancier, Data Leverancier, Business Controller, TYPE Code, Typenaam, Frequentie, -- Dimensies ---, AN KPI, AN Dummy Afdeling, Code KPI, AN YTD Berekening, AN Groepering L1, AN Categorie L2, AN Organisatie, AN Organisatie -> Afdeling, ---FO---, FO KPI, FO YTD Berekening, FO Groepering L1, FO Categorie L2, FO Organisatie, ---Update---, Import into KPI Afdeling, Update KPI, Update YTD Berekening, Update Groepering L1, Update Categorie L2, Update Organisatie, ---Concat---, KPI_Afdeling, AN KPI_Afdeling, FO KPI_Afdeling, Create KPI_Afdeling, KPI_Afdeling Valid?, ---Misc---, Clear Latest Load, Timestamp, Loaded from SPIN?"
LO 10. Load Tarieven personeel,DATA,"MJP Kostenplaats L7, SS - FTE Type FSP, SS Rekeningcategorie - Personeel",Year,MJP BU TR,Not Applicable,New Line Items: Off,Show All Users: On,7904,Import Source,,,,,,,Tarief FTE
LO 11 SIP Thema's L3++,DELETE,#LOAD SIP Thema's L3++,Not Applicable,Not Applicable,Not Applicable,New Line Items: Off,Show All Users: On,672,HV: Delete? not in pages nor referenced,,,,,,,"L - SIP Werkstroom, L - SIP Tafel, L - SIP Thema, L - Hoofdproduct, L - Subproduct, - Technical -, AN Werkstroom, AN Tafel, AN Thema, AN Hoofdproduct, AN Subproduct, Create Hoofdproduct, Create Subproduct"
LO 12. Loonkosten Prestatiesoorten,DATA,#Load loonkosten,Not Applicable,Not Applicable,Not Applicable,New Line Items: Off,Show All Users: On,1887,LM: Load module for loonkosten,,,,,,,"Load, Afdeling, Subafdeling, Prestatiesoort, FTE for reference, Loonkosten per FTE per jaar, Transformation, AN Afdeling, AN Subafdeling, Handmatig Afdeling, Handmatig Subafdeling, Final Afdeling, Final Subafdeling, AN Prestatiesoort, Afdeling?, Subafdeling?, Code Final Afdeling, Code FInal Subafdeling, Code Prestatiesoort"
LO 13. Load SIP E/G split,DATA,"SIP Planvarianten, SIP Thema L3, OPEX CAPEX, Product",Year,TR MJP,Not Applicable,New Line Items: Off,Show All Users: On,273780,,,,,,"'IP 40. Input Thema L3++ split', 'IP 41. Input Activiteit L4+ split'",,% split
⠀⠀⠀       ◼️ New Load Modules,,,Not Applicable,Not Applicable,Not Applicable,New Line Items: Off,Show All Users: On,0,,,,,,,,
LO 02. Load SIP Plan - SIP Planvarianten,DATA,"SIP Planvarianten, SIP Thema L3, OPEX CAPEX, SS Afdeling L5 - OPS (SIP)",Year,TR 20 Y,Not Applicable,New Line Items: Off,Show All Users: On,7665840,,,,,,"'DA 01. Total Plan SIP', 'CA 00. SIP Adjusted', '└CA 00a. SIP- Delta Analyse', 'CA 07. Variante SIP/MJP'",,"Euro - Toaal plan (inclusief besparingen), FTE - Totaal plan (inclusief besparingen)"
DA 01 NEW. Load Plan from SIP,DATA,"MJP Versions L2, SIP Activiteit L4",Year,TR MJP,Not Applicable,New Line Items: Off,Show All Users: On,87156,,,,,,,,"Afdeling, P, Q"
DA 02 NEW. Load FTEs from SPP,DATA,"Afdeling L5, SIP Thema L3",Year,TR MJP,Not Applicable,New Line Items: Off,Show All Users: On,85536,,,,,,,,FTE
DA 03. SRT data Productieve uren,DATA,"MJP Versions L2, F2 Prestatiesoorten, SS Afdeling L5 - OPS",Year,Model Calendar,Not Applicable,New Line Items: Off,Show All Users: On,27384,,,,,,,,Productieve uren
DA 34. KPI Afdeling Subload,DATA,SPIN - KPI,Not Applicable,Not Applicable,Not Applicable,New Line Items: Off,Show All Users: On,9218,,,,,,'IM 43. KPI_Afdeling',,"L - KPI Naam, L - Eenheid, L - YTD Berekening, L - Groupering L1, L - Categorie L2, AN YTD Berekening, AN Groupering L1, AN Categorie  L2, AN KPI Naam, AN Eenheid, Load not in list"
DA 12. Load Waardes from SPIN,DATA,#Load SPIN Waardes,Not Applicable,Not Applicable,Not Applicable,New Line Items: Off,Show All Users: On,551191,HV: Rename DA 03 and import items directly in module,,,,,'DA 35. SPIN KPI Waardes',,"Load, L: KPI Naam, L: Afdeling, L: Periode, L: KPI ID, Actuals, Actuals YTD, Budget, Budget YTD, Budget FY, LE, Anaplan, AN: SPIN Organisatie, AN: Afdeling, AN: KPI naam, KPI constructie, AN: Final KPI, AN: Period, -- Technical --, Delete?"
DA 30a. Actuals/LE Input UMDT,DATA,"MJP Versions L2, COEA, SS Afdeling L5 - Budget Afdelingen, SS - Import Scenario - Actuals/LE",Not Applicable,Not Applicable,Not Applicable,New Line Items: Off,Show All Users: On,17640,HV: Load module from PowerApps,,,,,"'RP 10 MJP CAPEX - UMD', 'RP 11. MJP OPEX - UMD', 'RP 12. MJP EXTERN - UMD'",,"Totaal, Omzet, Uren, Materialen, Diensten Derden, Toeslagen"
└DA 30a. Actuals/LE/Budget Input Afdelingskosten,DATA,"MJP Versions L2, SS Afdeling L5 - Budget Afdelingen, SS - Import Scenario - Actuals/LE",Not Applicable,Not Applicable,Not Applicable,New Line Items: Off,Show All Users: On,6468,HV: Load module from PowerApps,,,,,"'CA 99. Samenvatting', 'RP 08. Formatie MJP', 'RP 09. Afdelingskosten'",,"Omzet, Uren, Toeslag Direct, Personeelskosten, Materiaal, Diensten Derden, Overige Kosten, Toeslag Indirect, IC, Doorbelastingen, Totaal"
└ DA 30b. Actuals/LE Input Formatie,DATA,"MJP Versions L2, SS Afdeling L5 - Budget Afdelingen, SS - Import Scenario - Actuals/LE",Not Applicable,Not Applicable,Not Applicable,New Line Items: Off,Show All Users: On,3708,HV: Load module from PowerApps,,,,,"'RP 06. samenvatting MJP', 'RP 07. formatie ontwikkeling', 'RP 08. Formatie MJP'",,"Formatie, Intern FTE, Extern FTE, -, Direct, Kritisch, Intern, Gemiddelde FTE Intern, Gemiddelde Personeelskosten Intern, Extern, Gemiddelde FTE Extern, Gemiddelde Personeelskosten Extern"
└ DA 30c. Actuals/LE Input Tafel/Thema,DATA,"MJP Versions L2, SS Afdeling L5 - Budget Afdelingen, SS - Import Scenario - Actuals/LE",Not Applicable,Not Applicable,Not Applicable,New Line Items: Off,Show All Users: On,12936,HV: Load module from PowerApps,,,,,'└ RP 10a. MJP CAPEX - Specificatie',,"Hoogspanning, Middenspanning, Laagspanning, Druk Cap, Overig Cap, Elektriciteit, Gas, Overig Kwal, Large connections, Reconstructions, Network Expansion, Verwijderen, Metergedreven, Telecom, Netverder, Infradock, Utility Connect, Supply Chain, IT, Rente activering, Overig CAPEX, Totaal"
└ DA 30d. Actuals/LE Input OPEX,DATA,"MJP Versions L2, SS Afdeling L5 - Budget Afdelingen, SS - Import Scenario - Actuals/LE",Not Applicable,Not Applicable,Not Applicable,New Line Items: Off,Show All Users: On,9996,HV: Load module from PowerApps,,,,,"'RP 11. MJP OPEX - UMD', '└ RP 11a. MJP OPEX - Specificatie'",,"Omzet, Hoogspanning, Middenspanning, Laagspanning, Druk Cap, Overig Cap, Elektriciteit, Gas, Overig Kwal, Verwijderen, Large connections, Reconstructions, Network Expansion, Metergedreven, Overig, OPEX ex omzet, OPEX"
└ DA 30e. Actuals/LE Input Extern,DATA,"MJP Versions L2, SS Afdeling L5 - Budget Afdelingen, SS - Import Scenario - Actuals/LE",Not Applicable,Not Applicable,Not Applicable,New Line Items: Off,Show All Users: On,1368,HV: Load module from PowerApps,,,,,"'RP 12. MJP EXTERN - UMD', '└ RP 12a. MJP Extern - Specificatie'",,"Omzet, Kosten, Totaal"
DA 31. Historical data SAP BPC,DATA,#Load SAP BPC,Not Applicable,Not Applicable,Not Applicable,New Line Items: Off,Show All Users: On,4088345,HV: Rename DA 04. Will be replaced later this year,,,,,"'└ DA 31a. Historical Data Grootbookrekening', 'IM 01. Account L12', 'IM 62 Kostenplaats', 'MA 07. Kostenplaats L7 Aggregation mapping - Version based', 'MA 08. Acount L12 aggregation mapping', 'MA 09. Account L12 aggregation mapping - Version based', 'MA 61. Kostenplaats L7 Aggregation mapping'",,"Kostenplaats, Entiteit, Grootboekrekening, Soort, Categorie, IC, Periode, Waarde, >TECH<, AN Kostenplaats, Code Kostenplaats, AN Grootboekrekening, Account L12 to be created?, AN Grouped L12, AN Soort, FO Soort, Create Soort?, Period Text, AN Period, FO Period, Create Period?, Year (number), Year, Period number, AN Period date, AN COEA, AN SS Account IC"
DA 36. Loonkosten Afdeling,DATA,"MJP Versions L2, F2 Prestatiesoorten, SS Afdeling L5 - OPS",Not Applicable,Not Applicable,Not Applicable,New Line Items: Off,Show All Users: On,3912,LM: Subload loonkosten for ketens that plan on afdeling,,,,,'IP 38. Loonkosten prestatiesoort',,"Loonkosten, FTE Actuals - voor referentie, Show?"
DA 37. Loonkosten Subafdeling,DATA,"MJP Versions L2, F2 Prestatiesoorten, SS - Subafdeling L6 - OPS",Not Applicable,Not Applicable,Not Applicable,New Line Items: Off,Show All Users: On,0,LM: Subload loonkosten for ketens that plan on subafdeling,,,,,'IP 38. Loonkosten prestatiesoort',,"FTE Actuals - voor referentie, Loonkosten, Value?"
⠀⠀⠀       ◼️ Data Modules,,,Not Applicable,Not Applicable,Not Applicable,New Line Items: Off,Show All Users: On,0,,,,,,,,
DA 01. Total Plan SIP,DATA,"MJP Versions L2, SIP Thema L3, SS OPEX-CAPEX (only OP/CA), SS Afdeling L5 - OPS (SIP)",Year,TR LTF,Not Applicable,New Line Items: Off,Show All Users: On,1566864,HV: To reference LO 01 NEW.,,,,,"'└ DA 28b. Meerjarenplan Euros SIP Thema selectie', 'CA 34. MJP naar thema''s', 'CA 34. MJP naar thema''s - Meerjarig', '└ RP 10a. MJP CAPEX - Specificatie', '└ RP 11a. MJP OPEX - Specificatie', 'FI 14. Thema L3 filter Calculations'",,"Euro - Totaal plan (incl besparingen), FTE - Totaal plan (incl besparingen)"
DA 07. Rapportage COEA,DELETE,"MJP Versions L2, Afdeling L5, COEA",Not Applicable,Not Applicable,Not Applicable,New Line Items: Off,Show All Users: On,81480,Remove LIS and delete,,,,,,,"Activering, Omzet, Omzet excl Correctie, Uren - Afdeling, Uren - Leenmonteurs, Uren, Materiaal, Materiaal excl Correctie, Diensten Derden, Toeslag Direct, Toeslag Indirect - Totex, Toeslag Indirect - OPS Support, Toeslag Indirect - Magazijntoeslag, Toeslag Indirect, Personeelskosten Direct, Personeelskosten Indirect, Personeel, Doorbelastingen, Overige Kosten, IC, Totaal, Totaal excl Correctie, Niet IAS16 kosten, Kosten voor verdeling naar Thema, Afdelingskosten exclusief toeslagen, Kosten voor toeslag verhouding, Totaal MJP, Totaal te dekken kosten"
DA 28. Meerjarenplan Euros per jaar,INPUT,"MJP Versions L2, COEA, SS Afdeling L5 - Budget Afdelingen, SS Rekeningcategorie - MJP",Year,Model Calendar,Not Applicable,New Line Items: Off,Show All Users: On,597093,HV: IP module,,,,,"'CA 24. MJP Kosten uren uitvoeringskosten', 'CA 29. MJP naar Afdelingen'",,"Euro's LY, Groei% Driver, Overwrite Groei%, Final Groeipercentage, Euros, Overwrite Euros, Final Euros, Drivers, Driver SIP Totaal, Driver SIP OPEX, Driver SIP CAPEX, Driver SIP 50%, Technical, Startjaar MJP?, Totex SIP Euros, Opex SIP Euros, Capex SIP Euros, Vrije invoer?, CF Lege driver, CF Vrije invoer, Format 2, Close Totaal MJP"
└ DA 28a. Meerjarenplan Euros Driver Selectie,INPUT,"MJP Versions L2, COEA, SS Afdeling L5 - Budget Afdelingen, SS Rekeningcategorie - MJP, LIS (IP 10) MJP",Not Applicable,Not Applicable,Not Applicable,New Line Items: Off,Show All Users: On,5723,HV: Not needed. TBD,,,,,,,"Budget Jaar Euros, Driver, CF Driver"
└ DA 28a NEW. Meerjarenplan Euros Driver Selectie,INPUT,"MJP Versions L2, COEA, SS Afdeling L5 - Budget Afdelingen, SS Rekeningcategorie - MJP",Not Applicable,Not Applicable,Not Applicable,New Line Items: Off,Show All Users: On,5723,,,,,,'DA 28. Meerjarenplan Euros per jaar',,"Budget Jaar Euros, Driver, CF Driver"
└ DA 28b. Meerjarenplan Euros SIP Thema selectie,DATA,"MJP Versions L2, SIP Thema L3, SS Afdeling L5 - Budget Afdelingen",Year,Model Calendar,Not Applicable,New Line Items: Off,Show All Users: On,1083537,,,,,,"'DA 28. Meerjarenplan Euros per jaar', 'DA 29. Meerjarenplan FTEs per jaar', '└ RP 06c.TOTEX Analyse', '└ RP 08a. Variantie Analyse'",,"TOTEX SIP Euro's, OPEX SIP Euro's, CAPEX SIP Euro's"
DA 29. Meerjarenplan FTEs per jaar,INPUT,"MJP Versions L2, SS - FTE Type FSP, SS Afdeling L5 - Budget Afdelingen",Year,Model Calendar,Not Applicable,New Line Items: Off,Show All Users: On,81648,,,,,,"'CA 06. FTE kosten MJP', 'RP 06. samenvatting MJP', 'RP 07. formatie ontwikkeling', 'RP 08. Formatie MJP'",,"Eindstand FTE LY, Groei% Driver, Overwrite Groei%, Final Groeipercentage, FTE, Overwrite FTE, Dec Eindstand FTE, Gemiddelde FTE, Drivers, Drivers SIP TOTEX, Driver SPP Totaal, Driver SPP OPEX, Driver SPP CAPEX, Technical, CF Lege driver, CF Vrije Invoer, Vrije Invoer, Format input"
└ DA 29a. Meerjarenplan FTEs Driver Selectie,INPUT,"MJP Versions L2, SS - FTE Type FSP, SS Afdeling L5 - Budget Afdelingen",Not Applicable,Not Applicable,Not Applicable,New Line Items: Off,Show All Users: On,13320,,,,,,'DA 29. Meerjarenplan FTEs per jaar',,"FTE per DEC, Budget Jaar FTE, Driver, CF Driver, Format input"
└ DA 31a. Historical Data Grootbookrekening,DATA,"COEA, SS - Account L12 - Active, SS Kostenplaats L7 - Active",Year,TR BPC Actuals,Not Applicable,New Line Items: Off,Show All Users: On,53243244,HV: Not needed RM: Still used,,,,,'└ DA 31b.  Historical Data Aggregated',,"Waarde, Waarde version based, Waarde version based per maand"
└ DA 31b.  Historical Data Aggregated,DATA,"MJP Versions L2, COEA, SS - Account L12 - Budget, SS Kostenplaats L7 - Budget",Year,TR BPC Actuals,Not Applicable,New Line Items: Off,Show All Users: On,87744510,HV: To ref DA 31 directly,,,,,"'IP 05. Seizoenspatronen', '└ IP 10a NEW. Verdeling naar grootboekrekening'",,"Waarde, Waarde per maand, Waarde per Rekeningcategorie, Waarde - OLD"
DA 32. UMDT op Afdeling (L4+) -> Rekeningcategorie,DATA,"MJP Versions L2, SIP Activiteit L4 +, SS - COEA - zonder AFD, SS Afdeling L5 - Budget Afdelingen, LIS (CA 21) UMD - Activiteit L4+",Not Applicable,Not Applicable,Not Applicable,New Line Items: Off,Show All Users: On,3725568,,,,,,"'└ CA 21a. Allocatie naar Kostenplaats Activiteit L4+', '└CA 35b. Monthly allocation Activity L4+ to UMDT'",,Data
DA 33 UMDT (L3+ ) op Kostenplaats -> Rekeningcategorie,DATA,"MJP Versions L2, SIP Thema L3++, SS - COEA - zonder AFD, SS Afdeling L5 - Budget Afdelingen, LIS (CA 23) UMD - Thema's L3 +",Not Applicable,Not Applicable,Not Applicable,New Line Items: Off,Show All Users: On,3661476,,,,,,"'└  CA 23a. Allocatie naar Kostenplaats Thema L3 +', '└CA 35e. Monthly allocation Thema L3++ to UMDT'",,Data
DA 35. SPIN KPI Waardes,DATA,KPI_Afdeling,Month,MJP BU TR,Not Applicable,New Line Items: Off,Show All Users: On,354240,RM - Needs to be deleted and calculated in RP 17/ RP 18 directly,,,,,"'RP 17. KPI Waarde report creation', 'RP 18. KPI Waarde over years'",,"Actual, Actual YTD, Budget, Budget YTD, Budget FY, LE"
⠀⠀⠀       ◼️ INPUT MODULES,,,Month,Model Calendar,Not Applicable,New Line Items: Off,Show All Users: On,0,,,,,,,,
IP 02. IAS16 kosten (cumulatief),INPUT,"MJP Versions L2, Afdeling L5, IAS16 kosten, SS Rekeningcategorie - IAS 16",Year,TR MJP,Not Applicable,New Line Items: Off,Show All Users: On,485244,,'FI 04. Read-Only'.Lock yearly input,'FI 04. Read-Only'.Open yearly input,,,"'└IP 02a. IAS16 naar maanden', 'CA 19. Rekeningcategorie Allocatie', 'CA 24. Budget Kosten uren uitvoeringskosten-TBD', 'CA 24. MJP Kosten uren uitvoeringskosten', 'CA 29. MJP naar Afdelingen', 'CA 44. Inflatie Staging'",,"IAS 16 kosten, YOY, Inflatie % YOY, Cumulatief, Inflatie %, IAS 16 Kosten Inclusief Inflatie, Inflatie Calculatie, Format input"
└IP 02a. IAS16 naar maanden,INPUT,"MJP Versions L2, IAS16 kosten, Dummy Maand, SS Afdeling L5 - Budget Afdelingen",Not Applicable,Not Applicable,Not Applicable,New Line Items: Off,Show All Users: On,44511,,,,,,'CA 54. Bezettingsresultaat en dekkingsgraad',,"FY Waarde (Budget), Input maandverdeling, Nog te verdelen, Verdeeld inclusief inflatie, CF nog te verdelen, CF INput"
IP 03. Risico & Kansen,INPUT,"MJP Versions L2, Risico & Kansen items, Risico & Kansen soort",Not Applicable,Not Applicable,Not Applicable,New Line Items: Off,Show All Users: On,13797,,,,,,"'└IP 03a. Naar jaren', 'RP 19. Risico & Kansen'",,"R&K Soort, € / FTE, Omschrijving, Kostensoort, Jaar, Kans berekening ?, Kans, Invoer, Totaal minder, Totaal meer, Toelichting, Check op minder < 0, Check op meer > 0, CF Kans, Format input"
└IP 03a. Naar jaren,INPUT,"MJP Versions L2, Risico & Kansen soort, SS Afdeling L5 - Budget Afdelingen, SS Tijd Dummy - Budget jaren",Not Applicable,Not Applicable,Not Applicable,New Line Items: Off,Show All Users: On,6174,,,,,,'CA 05. Risico & Kansen',,"Totaal meer, Totaal minder"
IP 05. Seizoenspatronen,INPUT,"MJP Versions L2, COEA, SS Kostenplaats L7 - Budget",Month,MJP BU TR,Not Applicable,New Line Items: Off,Show All Users: On,493719984,,,,,,"'└ IP 05a. Seizoenspatronen - Collect', '└ IP 10d. Calculatie seizoenspatronen', 'CA 48. Personeelskosten naar maand'",,"Verdeling 1 | Evenredig verdeeld (1/12), Verdeling 2 | Op basis van FTE, Verdeling 3 | Handmatig, Verdeling 4 | Handmatig, Verdeling 5 | Handmatig, Verdeling 6 | Previous MJP, Verdeling 7 | Actuals LY, Verdeling 8 | Automatische Allocatie, Check 1, Check 2, Check 3, Check 4, Check 5, ---Technical---, Previous Actuals, Previous MJP Version Load, Final Waarde Dimensioned, Previous MJP Version, Previous MJP Version Anaplan, CF"
IP 05. Seizoenspatronen - Copy,INPUT,"MJP Versions L2, COEA, SS Kostenplaats L7 - Budget",Month,MJP BU TR,Not Applicable,New Line Items: Off,Show All Users: On,158976,,,,,,,,Input naam
└ IP 05a. Seizoenspatronen - Collect,INPUT,"MJP Versions L2, COEA, SS Kostenplaats L7 - Active, LIS (IP 05) Verdelingssleutels",Month,TR MJP,Not Applicable,New Line Items: Off,Show All Users: On,4410432,,,,,,'└ IP 10d. Calculatie seizoenspatronen',,Kostenverdeling
└ IP 05b. Seizoenspatronen - Beschrijving Verdeling,INPUT,"COEA, SS Kostenplaats L7 - Budget, LIS (IP 05) Verdelingssleutels",Not Applicable,Not Applicable,Not Applicable,New Line Items: Off,Show All Users: On,48616,,,,,,,,"Beschrijving, --- Technical ---, Verdeling 1 of 2?, CF"
└ IP 05c. Seizoenspatronen - IC,INPUT,,Not Applicable,Not Applicable,Not Applicable,New Line Items: Off,Show All Users: On,2,Used by LIS (which is used in IP 11). LIS needs to be replaced with a normal list. After that this module can be deleted.,,,,,,,"Evenredig 1/12, Handmatig"
└ IP 05d. Seizoenspatronen Thema,INPUT,"MJP Versions L2, Dummy Maand, SS - COEA - zonder AFD, SS Afdeling L5 - Budget Afdelingen",Not Applicable,Not Applicable,Not Applicable,New Line Items: Off,Show All Users: On,40524,,,,,,"'└CA 35a. Monthly allocation Activity L4+', '└CA 35d. Monthly allocation Thema L3++'",,"Evenredig 1/12?, Handmatig #1, Handmatig #2, Handmatig driver #1, Handmatig driver #2, Format input"
IP 10. Verdeling naar kostenplaatsen,INPUT,"MJP Versions L2, COEA, Rekeningcategorie, SS Kostenplaats L7 - Budget",Not Applicable,Not Applicable,Not Applicable,New Line Items: Off,Show All Users: On,1211798,HV: Check IP 10xa and 10x2 and remove this one,'FI 04. Read-Only'.Lock all input,'FI 04. Read-Only'.Unlock all input,,,"'└ DA 28a. Meerjarenplan Euros Driver Selectie', 'CA 04. FTE naar COEA', 'CA 11. Verdeling naar Grootboekrekening overzicht', 'IM 62 Kostenplaats'",,"Handmatig, Berekend, Totaal, ---TECHNICAL---, Totaal excl. IAS 16, Berekend DUMMY, Totaal afdelingskosten, Totaal Subload, UMD Totaal, Uren Totaal COE, Uren Verhouding (COE), Format input, Update cijfers?"
IP 10x1. NEW Afdelingkosten naar KP,INPUT,"MJP Versions L2, SS Kostenplaats L7 - Budget",Not Applicable,Not Applicable,Not Applicable,New Line Items: Off,Show All Users: On,9120,HV: Migrate CA 20 here?,'FI 04. Read-Only'.Lock all input,'FI 04. Read-Only'.Unlock all input,,,"'IP 10x2. NEW Handmatig Verdeling naar KP', '└ IP 10f. NEW - Jaar FTE tarief/uren per KP', 'IP 35. Personeelskosten handmatig naar grootboekrekening'",,"Personeelkosten, FTE gebonden kosten, Inleenkosten, Niet FTE gebonden kosten, Total Personeel kosten, Overige  kosten, IAS 16, Niet personeel kosten, ---TECHNICAL---, Format input"
IP 10x2. NEW Handmatig Verdeling naar KP,INPUT,"MJP Versions L2, COEA, Rekeningcategorie, SS Kostenplaats L7 - Budget",Not Applicable,Not Applicable,Not Applicable,New Line Items: Off,Show All Users: On,1044450,HV: To split this module between afdelingskosten and the rest,'FI 04. Read-Only'.Lock all input,'FI 04. Read-Only'.Unlock all input,,,"'└ DA 28a NEW. Meerjarenplan Euros Driver Selectie', 'CA 11 NEW. Verdeling naar Grootboekrekening', 'CA 20. Toeslag Direct', 'CA 24. Budget Kosten uren uitvoeringskosten-TBD', 'CA 24. MJP Kosten uren uitvoeringskosten', 'CA 26. Calculatie Toeslag Indirect', 'CA 31. Toeslag Direct MJP', 'DC 00. Data Checks'",,"Handmatig, Berekend, Totaal, ---TECHNICAL---, Personeelkosten, IC, Other, TD, TS, DB, Afdelingkosten, UMDT by Thema [CIRC ERROR], UMDT by Activity, BAK, Subsidies, Omzet, Non-afdeling kosten, Import Totaal (Subload), CF Input"
└ IP 10a. Verdeling naar grootboekrekening,INPUT,"MJP Versions L2, COEA, SS - Account L12 - Budget, SS Kostenplaats L7 - Budget, LIS (DA45) Budgetitems",Not Applicable,Not Applicable,Not Applicable,New Line Items: Off,Show All Users: On,246890011,HV: Check IP 10a NEW and remove this one,,,,,"'└ IP 10b. Verdeling naar grootboekrekening - Import', 'CA 11. Verdeling naar Grootboekrekening overzicht', '└ CA 11a. Verdeling naar maand overzicht', 'SEC 03. Subset Account L12 - Budget Access'",,"Eigen Invoer, Verdeling %, % Eigen Invoer Total, Driver, Verdeling, % Driver Total, No Driver, Final Waarde, Driver <> 0?, --- DRIVERS ---, PY Actuals, PV Actuals, PY Higher Level, PV Higher Level, Waarde + Driver, Waarde + Driver Technical, Absolute Waarde UMDT, ss - Account L12 Split Actuals, ss - Account L12 Split Prev. Version, --- TECHNICAL ---, Mapping GREN, Rekeningscategorie, CF Eigen Invoer, CF No Driver, Concatenate, Reload List?, Concat Short, Find item, OPEX, CAPEX, Extern, Afdelingkosten, Aanmaken?, Load?, Write?, Close Access, Filter Blanks, Filter Zero, Test, Driver for automatisch, Driver for actuals, Driver for LY actuals, Driver for prev version"
└ IP 10a NEW. Verdeling naar grootboekrekening,INPUT,"MJP Versions L2, COEA, Rekeningcategorie, SS - Account L12 - Budget, SS Kostenplaats L7 - Budget",Not Applicable,Not Applicable,Not Applicable,New Line Items: Off,Show All Users: On,178770717,HV: Remove rekeningscategorie and Publish in 5.1,,,,,"'└ IP 10b. Verdeling naar grootboekrekening - Import', '└ IP 10c. Selecteer seizoenspatroon', 'CA 11 NEW. Verdeling naar Grootboekrekening', '└ CA 11a NEW. Verdeling naar maand overzicht'",,"Eigen Invoer, Verdeling %, Driver, Verdeling, No Driver, Final Waarde, --- DRIVERS ---, CY Actuals, LY Actuals, PV Actuals, Waarde + Driver, Waarde + Driver Technical, ss - Account L12 Split Actuals CY, ss - Account L12 Split Actuals LY, ss - Account L12 Split Prev. Version, Driver for automatisch, Driver for CY actuals, Driver for LY actuals, Driver for prev version, ---Technical---, Driver <> 0?, Waarde <> 0?, Unicode text, Unicode item, Format Eigen Invoer"
└ IP 10b. Verdeling naar grootboekrekening - Import,INPUT,"Users, COEA, SS - Account L12 - Budget, SS Kostenplaats L7 - Budget",Not Applicable,Not Applicable,Not Applicable,New Line Items: Off,Show All Users: On,58401842,HV: This module should not exist,,,,,"'└ IP 10a. Verdeling naar grootboekrekening', 'IM 20. COEA-KP-ACC'",,"Waarde, Waarde - collect, Waarde - Collect [NEW], COEA, MJP Kostenplaats, Account, Afdeling, Concatenate CODE, Concatenate LIST, Contains Data?, New?, - KPI -, To be created leaf, To be created KPI"
└ IP 10c. Selecteer seizoenspatroon,INPUT,"MJP Versions L2, Uni-code COEA-MJP-ACC",Not Applicable,Not Applicable,Not Applicable,New Line Items: Off,Show All Users: On,263485,,,,,,"'└ IP 10d. Calculatie seizoenspatronen', 'RP 27. Check report overview', 'RP 28. Controle Volledigheid GBR/Maand', '└ FI 07an. User Filters MJP Versions - COEA-MJP-ACC'",,"COEA, Afdeling, Kostenplaats, Grootboekrekening, Rekeningcategorie, Seizoenspatroon, Finaal Seizoenspatroon, Finaal seizoenspatroon OLD, Overwrite?, FY waarde, Seizoenswaarde, Inflatie %, FY waarde incl inflatie, Afwijkingspercentage, Check, Actuals patroon?, FTE patroon?, -- KPI --, Nog in te vullen leaf, ---Technical---, Check Final SP ISBLANK, Not Automatische Allocatie?, Format Input Seizoenspatroon, Format input, Check if FY Waarde or Seizoenwaarde <> 0"
└ IP 10d. Calculatie seizoenspatronen,INPUT,"MJP Versions L2, Uni-code COEA-MJP-ACC",Month,MJP BU TR,Not Applicable,New Line Items: Off,Show All Users: On,7552634,,,,,,"'IP 05. Seizoenspatronen', '└ IP 10c. Selecteer seizoenspatroon', '└ CA 11a. Verdeling naar maand overzicht', '└ CA 11a NEW. Verdeling naar maand overzicht', 'CA 16. Controle Dekking Uren', 'CA 16 NEW. Controle Dekking COEA', '└CA 16a. Controle UMD vs Thema', 'CA 50. Monthly allocation key FSP', 'CA 54. Bezettingsresultaat en dekkingsgraad', 'RP 20. COEA tabel per kostenplaats', 'RP 26. Calculatie seizoenspatronen Totaal', 'RP 29. P&L Overzicht', 'RP 30. Controle DB en TS', 'IM 01. Account L12', 'IM 62 Kostenplaats', 'EX 02. Export plan to Powerapps financieel', 'EX 04. Export plan to SAP financieel'",,"Berekende waarde obv seizoenspatroon, Overwrite?, Overwrite waarde, FY waarde, Inflatie %, Inflatie, Staging finale waarde incl. inflatie, FY waarde incl. Inflatie, Waarde in Kostenplaats, Waarde in Account L12, Waarde in budget jaar?, Filter show, Technical, CF Overwrite"
└ IP 10e. Maand FTE Verdeling naar KP,INPUT,"MJP Versions L2, SS - FTE Type FSP, SS Kostenplaats L7 - Budget",Month,MJP BU TR,Not Applicable,New Line Items: Off,Show All Users: On,857556,HV: Rename as IP 10,'FI 04. Read-Only'.Lock all input,'FI 04. Read-Only'.Unlock all input,,,"'└ DA 29a. Meerjarenplan FTEs Driver Selectie', 'IP 05. Seizoenspatronen', '└ IP 10f. - Gemiddeld tarief FTE per kostenplaatsen', '└ IP 10f. NEW - Jaar FTE tarief/uren per KP', 'IP 37. Verdeling FTE niet prestatiesoort', 'RP 07. formatie ontwikkeling', 'IM 62 Kostenplaats', 'EX 03. Export plan to Powerapps formatie'",,"FTE, --- Technical ---, Format input, Waarde in Kostenplaats, afdeling filter test"
└ IP 10f. - Gemiddeld tarief FTE per kostenplaatsen,INPUT,"MJP Versions L2, SS - FTE Type FSP, SS Rekeningcategorie - Personeel, SS Kostenplaats L7 - Budget",Year,MJP BU TR,Not Applicable,New Line Items: Off,Show All Users: On,537504,HV: Check IP 10f NEW and remove this one,'FI 04. Read-Only'.Lock yearly input,'FI 04. Read-Only'.Open yearly input,,,"'IP 10. Verdeling naar kostenplaatsen', 'CA 20. Toeslag Direct'",,"Gemiddelde FTE, Eindstand FTE, Jaartarief per FTE, Tarief * FTE (k€), Overige P-Kosten (k€), Totaal P-Kosten (k€), Productieve uren, --- Technical ---, Totale P-kosten *1000, Budget - Gemiddelde FTE, Budget - Gemiddelde Kosten per FTE, Format input"
└ IP 10f. NEW - Jaar FTE tarief/uren per KP,INPUT,"MJP Versions L2, SS - FTE Type FSP, SS Kostenplaats L7 - Budget",Year,MJP BU TR,Not Applicable,New Line Items: Off,Show All Users: On,305232,,'FI 04. Read-Only'.Lock yearly input,'FI 04. Read-Only'.Open yearly input,,,"'DA 29. Meerjarenplan FTEs per jaar', 'IP 10x1. NEW Afdelingkosten naar KP', 'CA 05. Risico & Kansen', 'CA 06. FTE kosten MJP', 'CA 20. Toeslag Direct', '└ CA 25a. FTE & Uurtarief input', 'RP 08. Formatie MJP'",,"Gemiddelde FTE, Eindstand FTE, Jaartarief per FTE, Tarief * FTE (k€), Overige P-Kosten (k€), Niet FTE gebonden Kosten (k€), Totaal P-Kosten (k€), Productieve uren, --- Technical ---, Totale P-kosten *1000, Budget - Gemiddelde FTE, Budget - Gemiddelde Kosten per FTE, Is Intern?, Format input"
IP 11. IC & Leenmonteurs input,INPUT,"MJP Versions L2, Support list #10, SS Afdeling L5 - IC",Year,TR MJP,Not Applicable,New Line Items: Off,Show All Users: On,359280,,'FI 04. Read-Only'.Lock yearly input,'FI 04. Read-Only'.Open yearly input,,,"'└ IP 11a. Invoer seizoenspatroon IC handmatig', 'CA 04. FTE naar COEA', 'CA 16. Controle Dekking Uren', 'CA 18. Invoer seizoenspatroon IC', '└ CA 25a. FTE & Uurtarief input', 'RP 25. Leenmonteur overview', 'RP 23. Controle Dekking Uren'",,"Intercompany/Leenmonteur, Tegenpartij, GBR, E Code, IC code, Waarde/Dekking (k€), Seizoenspatroon, Waarde Intercompany, Waarde Leenmonteurs (Versturend), Waarde Leenmonteurs (Ontvangend), Waarde Leenmonteurs Totaal, Uren (#), Uren (#) (Versturend), Uren (#) Totaal, ---Technical---, CF Leenmonteur niet Keten, CF Tegenpartij is eigen afdeling, Tegenpartij -> Afdeling L5, Tegenpartij -> Entiteit L3, Afdeling L5 -> Tegenpartij, Handmatig?, Format input, Format Waarde Input, Write access Intercompany, Write access Leenmonteur, Format Input Leenmonteur, Format Input Intercompany, Format Positive/negative input, GBR [OLD], Waarde (k€) [OLD], Intercompany for Copy"
└ IP 11a. Invoer seizoenspatroon IC handmatig,INPUT,"MJP Versions L2, Support list #10, SS Afdeling L5 - IC",Month,TR MJP,Not Applicable,New Line Items: Off,Show All Users: On,261252,,,,,,'CA 18. Invoer seizoenspatroon IC',,"Handmatig, Final seizoensverdeling, ---Technical---, Handmatig?, Format Input"
IP 12. Dummy Refresh,INPUT,,Not Applicable,Not Applicable,Not Applicable,New Line Items: Off,Show All Users: On,1,,,,,,,,Refresh?
IP 13. UMDT op Activiteiten,INPUT,"MJP Versions L2, SIP Activiteit L4 +, SS Afdeling L5 - Budget Afdelingen",Not Applicable,Not Applicable,Not Applicable,New Line Items: Off,Show All Users: On,8672413,,'FI 04. Read-Only'.Lock all input,'FI 04. Read-Only'.Unlock all input,,,"'IP 14. Directe toeslagen', 'IP 15. Uurtarieven', 'IP 17. UMDT op Kostenplaats', 'CA 21. Berekend UMDT op Activiteit', '└ CA 21a. Allocatie naar Kostenplaats Activiteit L4+', '└ CA 21a NEW. Allocatie naar CC Activiteit L4+ - Copy', '└ CA 25a. FTE & Uurtarief input', 'FI 11. Activiteit L4 +', 'IM 37. SIP Activiteit L4 +'",,"COE - Activiteit, COE - Activiteit LOOKUP, Eenheid, Q, Uurtarief Selectie, Normuren, Uren € (Handmatig), Uren € (handmatig) Final, Tarief, Uren €, Materiaal €, Diensten Derden €, % CAPEX, Directe Toeslag, Directe Toeslag 2, Geen uurtoeslag?, Geen indirecte toeslag?, Geen materiaal toeslag?, Materiaal Toeslag %, Geen OPSS toeslag?, Enkele Kostenplaats?, Kostenplaats Selectie, UMDT (€) per Q, UMDT (€) Totaal, Allocatie KPI's, Gealloceerd, KPI % gealloceerd, KPI nog te alloceren, ---TECHNICAL---, CF KPI % Gealloceerd, Uren, Afdeling L5, Write Access - Inbesteed, Write Access - Stelpost, Write Access - Stuks, Write Access - Enkele kostenplaats, CAPEX % Selection, OPEX Q, CAPEX Q, Extern Q, Final Q, Extern Write?, Materiaal Toeslag % Write, Format input, Format Stuks, Format Stelpost, Format Capex, Format Inbesteed, Format Materiaal Toeslag, Format Enkele kostenplaats Selection, Format Enkele Kostenplaats, Gealloceerd Totaal, Gealloceerd per afdeling"
IP 14. Directe toeslagen,INPUT,"MJP Versions L2, Directe toeslagen niveau's, SS Afdeling L5 - Budget Afdelingen",Not Applicable,Not Applicable,Not Applicable,New Line Items: Off,Show All Users: On,5397,,'FI 04. Read-Only'.Lock all input,'FI 04. Read-Only'.Unlock all input,,,"'CA 21. Berekend UMDT op Activiteit', 'CA 23. Berekend UMDT op L3++ Thema''s', 'RP 27. Check report overview', 'EX 09. Export Directe Toeslagen to AACx UMD'",,"Naam, Te dekken kosten, Invoer dekking, Dekking final, Toegepaste TOTEX, Percentage, ---Technical---, Write?, Lock, Format input, Te verdelen and verwerkte uren correct?"
IP 15. Uurtarieven,INPUT,"MJP Versions L2, Uurtarieven niveau's, SS Afdeling L5 - Budget Afdelingen",Not Applicable,Not Applicable,Not Applicable,New Line Items: Off,Show All Users: On,12855,,'FI 04. Read-Only'.Lock all input,'FI 04. Read-Only'.Unlock all input,,,"'IP 13. UMDT op Activiteiten', 'IP 19. UMDT op L3++ Thema''s'",,"Naam, Totaal Uren Dekking, Totaal Productieve uren, Invoer Dekking, Invoer Productieve uren, Final Dekking, Final Productieve uren, Tarief, Final Tarief, Verwerkte uren, Te verdelen uren, --- Technical ---, Read?, Write?, Format input, Te verdelen and verwerkte uren correct?"
IP 16. Invoer DB/TS kosten,INPUT,"MJP Versions L2, DB/TS items",Year,TR MJP,Not Applicable,New Line Items: Off,Show All Users: On,1161,,'FI 04. Read-Only'.'Lock doorbelastingen/toeslagen','FI 04. Read-Only'.'Unlock doorbelastingen/toeslagen',,,"'└ IP 16b. Invoer DB/TS Inflatie', '└ IP 18b. Seizoenspatronen Calculatie Maand', 'CA 30. DB/TS naar Kostenplaats', 'CA 30a. DB/TS naar Afdeling', 'CA 33. Toeslag indirect dekkings controle'",,"Invoer kosten, Doorbelastingen, Toeslagen, Format input"
└ IP 16a. Invoer DB/TS allocatie,INPUT,"MJP Versions L2, DB/TS items, SS Afdeling L5 - Doorbelastingen en toeslagen",Year,TR MJP,Not Applicable,New Line Items: Off,Show All Users: On,29232,,'FI 04. Read-Only'.'Lock doorbelastingen/toeslagen','FI 04. Read-Only'.'Unlock doorbelastingen/toeslagen',,,"'CA 22. Berekening Doorbelastingen', '└ CA 22a. Berekening toeslagen', '└ CA 22a. Berekening toeslagen - Copy'",,"Allocatiesleutel, Totaal allocatiesleutel, Verhouding, Show?, Format input"
└ IP 16b. Invoer DB/TS Inflatie,INPUT,"MJP Versions L2, DB/TS items, SS Kostensoort - zonder CAPEX",Year,TR MJP,Not Applicable,New Line Items: Off,Show All Users: On,24225,,'FI 04. Read-Only'.'Lock doorbelastingen/toeslagen','FI 04. Read-Only'.'Unlock doorbelastingen/toeslagen',,,"'CA 22. Berekening Doorbelastingen', '└ CA 22a. Berekening toeslagen', '└ CA 22a. Berekening toeslagen - Copy', '└ CA 47a. Versturende Toeslag Indirect Staging', 'CA 47. Toeslag Inflation Staging'",,"Kosten exclusief inflatie, Verdeling %, Inflatie YOY, Inflatie, Kosten verdeeld exclusief inflatie, Kosten inclusief inflatie, Kosten inclusief inflatie (cumulatief), - Technical -, leaf, Gemiddele percentage dashboard, Gemiddelde inflatie YOY, Gemiddelde inflatie, Negatieve Verdeling %?, Format input & Check >100%, KPI calculation, Count DB/TS, One, KPI Verdeling % staging, KPI Verdeling %, KPI Verdeling % Text"
└ IP 16c. Toeslagen percentages,INPUT,"MJP Versions L2, Inflatie excl/incl, SS DB/TS - Toeslagen",Year,TR MJP,Not Applicable,New Line Items: Off,Show All Users: On,810,,,,,,"'└ CA 22a. Berekening toeslagen', '└ CA 22a. Berekening toeslagen - Copy', 'CA 33. Toeslag indirect dekkings controle'",,"---NEW---, Huidig percentage, Overwrite Toeslagen?, Overwrite"
IP 17. UMDT op Kostenplaats,INPUT,"MJP Versions L2, SIP Activiteit L4 +, Support list #10",Not Applicable,Not Applicable,Not Applicable,New Line Items: Off,Show All Users: On,1309704,,'FI 04. Read-Only'.Lock all input,'FI 04. Read-Only'.Unlock all input,,,"'IP 13. UMDT op Activiteiten', '└ CA 21a. Allocatie naar Kostenplaats Activiteit L4+', '└ CA 21a NEW. Allocatie naar CC Activiteit L4+ - Copy'",,"Afdeling, Subafdeling, Kostenplaats, 1 Kostenplaats Selectie, Q, UMDT Totaal (€), Allocation Method, Allocation %, Allocation Q, Allocation €, Allocation, Allocation Resultaat (€), Final Check, KPI Calculation - OLD TBD, KPI - Total Allocation (%), KPI - To allocate, ---TECHNICAL---, Allocation %?, Allocation Q?, Allocation €?, CF - Total Allocation, CF - Resultaat, Write?, Allocation Method Final, Format allocation %, Format allocation Q, Format allocation €, Format input"
IP 18. Doorbelasting & Toeslagen split,INPUT,"MJP Versions L2, DB/TS items",Not Applicable,Not Applicable,Not Applicable,New Line Items: Off,Show All Users: On,168,,'FI 04. Read-Only'.'Lock doorbelastingen/toeslagen','FI 04. Read-Only'.'Unlock doorbelastingen/toeslagen',,,"'└ IP 18b. Seizoenspatronen Calculatie Maand', 'CA 22. Berekening Doorbelastingen', 'CA 30. DB/TS naar Kostenplaats', 'CA 30a. DB/TS naar Afdeling', 'CA 36. Doorbelastingen naar Maand', 'CA 38. Toeslagen GBR', '└ CA 47a. Versturende Toeslag Indirect Staging', 'CA 45. Doorbelasting inflatie staging', 'CA 47. Toeslag Inflation Staging'",,"Versturende Afdeling, Grootboekrekening, Seizoenspatroon, Kostenplaats, Format input, Format seizoenspatroon"
└ IP 18a. Seizoenspatronen - DB/TS,INPUT,"MJP Versions L2, DB/TS items",Not Applicable,Not Applicable,Not Applicable,New Line Items: Off,Show All Users: On,56,,,,,,,,"Evenredig 1/12, Handmatig"
└ IP 18b. Seizoenspatronen Calculatie Maand,INPUT,"MJP Versions L2, SS Rekeningcategorie - Doorbelastingen, SS DB/TS - Doorbelastingen",Month,TR MJP,Not Applicable,New Line Items: Off,Show All Users: On,33350,,,,,,'CA 36. Doorbelastingen naar Maand',,"Handmatig, Evenredig 1/12, Finaal Allocatie %, Finaal Allocatie, ---Technical---, Show Handmatig?, Show Evenredig 1/12?, DCA Handmatig, Format Input"
IP 19. UMDT op L3++ Thema's,INPUT,"MJP Versions L2, SIP Thema L3++, SS Afdeling L5 - Budget Afdelingen",Not Applicable,Not Applicable,Not Applicable,New Line Items: Off,Show All Users: On,1097084,,,,,,"'IP 14. Directe toeslagen', 'IP 15. Uurtarieven', 'IP 20. UMDT Thema''s op Kostenplaats', 'CA 23. Berekend UMDT op L3++ Thema''s', '└  CA 23a. Allocatie naar Kostenplaats Thema L3 +', '└ CA 25a. FTE & Uurtarief input', '└  FI 07r. User Filters - Thema L3++ & Afdeling'",,"COE - Activiteit, COE - Activiteit LOOKUP, Eenheid, Q, Uurtarief Selectie, Normuren, Uren € (Handmatig), Uren € (handmatig) Final, Tarief, Uren €, Materiaal €, Diensten Derden €, % CAPEX, Directe Toeslag 1, Directe Toeslag 2, Geen indirecte toeslag?, Geen materiaal toeslag?, Materiaal Toeslag %, Geen OPSS toeslag?, Enkele Kostenplaats?, UMDT (€) per Q, UMDT (€) Totaal, UMD (€) Totaal, Toeslag (€), Kostenplaats Selectie, KPI Calculatie, Gealloceerd, KPI - % Gealloceerd, KPI - Nog te Alloceren, ---TECHNICAL---, CF KPI % Gealloceerd, Uren, Planning?, L5 Afdeling, Write Access - Stelpost, Write Access - Stuks, CAPEX % Selection, OPEX Q, CAPEX Q, Extern Q, Final Q, Extern Write?, Format, Materiaal Toeslag % Write, Format input, Format Capex, Format Stuks, Format Stelpost, Format Material Toeslag, Format gelijkende Toeslag, Format Enkele Kostenplaats"
IP 20. UMDT Thema's op Kostenplaats,INPUT,"MJP Versions L2, SIP Thema L3++, Support list #10, SS Afdeling L5 - Budget Afdelingen",Not Applicable,Not Applicable,Not Applicable,New Line Items: Off,Show All Users: On,8915064,,'FI 04. Read-Only'.Lock all input,'FI 04. Read-Only'.Unlock all input,,,"'IP 19. UMDT op L3++ Thema''s', '└  CA 23a. Allocatie naar Kostenplaats Thema L3 +'",,"Afdeling, Subafdeling, Kostenplaats, 1 Kostenplaats Selectie, Q, UMDT Totaal (€), Allocation Method, Allocation %, Allocation Q, Allocation €, Allocation, Allocation Resultaat (€), Final Check, KPI Calculation - OLD TBD, KPI - Total Allocation (%), KPI - To allocate, ---TECHNICAL---, Allocation %?, Allocation Q?, Allocation €?, CF - Total Allocation, CF - Resultaat, Write?, Allocation Method Final, Format input, Format Allocation %, Format Allocation Q, Format Allocation €"
IP 21. Input KPI's - MJP,INPUT,"MJP Versions L2, KPI_Afdeling",Year,TR MJP,Not Applicable,New Line Items: Off,Show All Users: On,67650,,,,,,"'RP 17. KPI Waarde report creation', 'RP 18. KPI Waarde over years', 'RP 27. Check report overview'",,"KPI ID, KPI Name, Afdeling, Waarde, Format input, ---KPI---, Check on Verplicht filled, Waarde formula"
└ IP 21a. Input KPI's - Months,INPUT,"MJP Versions L2, KPI_Afdeling",Month,MJP BU TR,Not Applicable,New Line Items: Off,Show All Users: On,322261,,,,,,'RP 27. Check report overview',,"KPI ID, KPI Name, Afdeling, Waarde, Afdeling filter, Format input, ---KPI---, Check on Verplicht filled"
IP 22. Create KPI_Afdeling,INPUT,Support list #10,Not Applicable,Not Applicable,Not Applicable,New Line Items: Off,Show All Users: On,510,,,,,,,,"Bestaande KPI selectie, KPI Code, KPI Bestaat (Alle afdelingen), Nieuwe KPI-invoer, KPI gebruikt?, KPI Naam Final, YTD Berekening, Groepering L1, Categorie L2, Eenheid, Afdeling, Afdeling Code, Content Leverancier (Optioneel), Data Leverancier (Optioneel), Business Controller 1, Business Controller 2 (Optioneel), Frequentie, Aangemaakt door, New code, KPI ID, Ready to create?, ---Create Validation---, KPI Code SPIN, ---Concat---, KPI_Afdeling, AN KPI_Afdeling, Validated for Create?, Create KPI_Afdeling, AN KPI, Create KPI, ---Input blank out---, KPI Naam blank, NEW KPI blank, KPI Code blank, YTD Bereking blank, Groupering L1 blank, Categorie L2 blank, Eenheid blank, Afdeling blank, Content leverancier blank, Data leverancier blank, Business controller blank, Frequentie blank, Aangemaakt door blank, ---AN ---, YTD Berekening text, ---FIlters---, New KPI?, Not New KPI?, Existing KPI?, Not Existing KPI?, Character > 60?, Subload IM 42?, Format new kpi, Format Input, Format not existing KPI"
IP 23. KPI Admin,INPUT,LIS (IM 42) KPI Filter,Not Applicable,Not Applicable,Not Applicable,New Line Items: Off,Show All Users: On,42,,,,,,"'CA 28. KPI Admin per KPI', 'IM 43. KPI_Afdeling'",,"Verplicht?, Due Date, Summing"
IP 24. Kostenplaats Doorbelasting Input,INPUT,"MJP Versions L2, SS Rekeningcategorie - Doorbelastingen, SS DB/TS - Doorbelastingen, SS Kostenplaats L7 - Budget",Not Applicable,Not Applicable,Not Applicable,New Line Items: Off,Show All Users: On,36486,,,,,,"'IP 10x1. NEW Afdelingkosten naar KP', 'CA 20. Toeslag Direct', 'CA 22. Berekening Doorbelastingen', 'CA 30. DB/TS naar Kostenplaats', 'CA 36. Doorbelastingen naar Maand'",,"Eigen invoer, Format input"
IP 25.  IC allocation naar kostenplaats,INPUT,"MJP Versions L2, SS IC Afdelingen - Selectie, SS Afdeling L5 - IC",Not Applicable,Not Applicable,Not Applicable,New Line Items: Off,Show All Users: On,37352,,,,,,"'CA 18. Invoer seizoenspatroon IC', 'CA 27. IC Kostenplaats Waarde', 'RP 27. Check report overview'",,"Waarde, Has waarde?, Kostenplaats, - Technical -, Totaal combinations, Check empty, Check empty dashbaord, Check Has waarde and empty kostenplaats, Afdeling L5, Export to CA 19, CF - Input cells, CF - KPI, Afdeling FIlter"
IP 26. Leenmmonteurs,INPUT,"MJP Versions L2, SS IC Afdelingen - Leenmonteurs, SS Afdeling L5 - OPS",Year,TR MJP,Not Applicable,New Line Items: Off,Show All Users: On,3078,RM: moved to IP 11,,,,,,,"Dekking (k€), Uren (#), Format input"
IP 27 Sip Thema L3++,INPUT,Support list #1,Not Applicable,Not Applicable,Not Applicable,New Line Items: Off,Show All Users: On,14,,,,,,,,"Selectie Thema L3, Selectie Thema L3+, Naam Thema L3+, Naam Thema L3++, ---Technical---, Code Thema L3+, Code Thema L3++, AN Thema L3+, AN Thema L3++, Create Thema L3+?, Create Thema L3++?, Blank overwrite L3+, Blank overwrite L3++, Access driver, End user leaf"
"IP 28. BAK, Subsidie, Overige Omzet",INPUT,"MJP Versions L2, SS - COEA - zonder AFD, SS Rekeningcategorie - Omzet, SS Kostenplaats L7 - Budget",Not Applicable,Not Applicable,Not Applicable,New Line Items: Off,Show All Users: On,82116,,,,,,"'└ DA 28a. Meerjarenplan Euros Driver Selectie', '└ DA 28a NEW. Meerjarenplan Euros Driver Selectie', 'IP 10. Verdeling naar kostenplaatsen', 'IP 10x2. NEW Handmatig Verdeling naar KP', '└IP 28a. BAK, Subsidie Meerjarig'",,"BAK, Subsidie (Plicht), Subsidie (Direct), Overige Omzet, Totaal, Totaal COEA, Format input"
"└IP 28a. BAK, Subsidie Meerjarig",INPUT,"MJP Versions L2, SS - COEA - zonder AFD, SS Afdeling L5 - Budget Afdelingen",Year,TR MJP,Not Applicable,New Line Items: Off,Show All Users: On,31644,,,,,,"'IP 31. Netverder', 'CA 29. MJP naar Afdelingen', 'CA 40. BAK Inflatie + Meerjarig', 'RP 06. samenvatting MJP'",,"MJP - BAK, MJP - Subsidie (Plicht), BAK, Subsidie (Plicht), Final - BAK, Final - Subsidie), Totaal, Format"
IP 29. Seizoenspatroon Activity L4+,INPUT,"MJP Versions L2, SIP Activiteit L4 +, SS - COEA - zonder AFD, SS Afdeling L5 - Budget Afdelingen",Not Applicable,Not Applicable,Not Applicable,New Line Items: Off,Show All Users: On,2794176,,,,,,"'└CA 35a. Monthly allocation Activity L4+', '└CA 35b. Monthly allocation Activity L4+ to UMDT', '└CA 35g. Monthly allocation on thema L3', 'CA 43. Materiaal Staging Activiteit L4+', '└ FI 07y. User Filters - Allocation Activiteiten/Afd./COEA'",,"Aantal (Q), FY UMD  (€), FY UMDT  (€), Selecteer seizoenspatroon, Overwrite?, Format input seizoenspatroon, Format input overwrite, Write access seizoenspatroon, Write access overwrite"
IP 30. Seizoenspatroon Thema L3++,INPUT,"MJP Versions L2, SIP Thema L3++, SS - COEA - zonder AFD, SS Afdeling L5 - Budget Afdelingen",Not Applicable,Not Applicable,Not Applicable,New Line Items: Off,Show All Users: On,407808,,,,,,"'└CA 35d. Monthly allocation Thema L3++', '└CA 35e. Monthly allocation Thema L3++ to UMDT', '└CA 35g. Monthly allocation on thema L3', 'CA 42. Materiaal Staging Thema L3++', 'FI 18. Allocation Thema/Afdeling/COEA', '└ FI 07x. User Filters - Allocation Thema/Afdeling/COEA'",,"Aantal (Q), FY UMD (€), FY UMDT  (€), Selecteer seizoenspatroon, Overwrite?, Format input seizoenspatroon, Format input overwrite, Write access seizoenspatroon, Write access overwrite"
IP 31. Netverder,INPUT,"MJP Versions L2, Import Scenario",Year,TR 20 Y,Not Applicable,New Line Items: Off,Show All Users: On,14491,,,,,,'CA 41. Netverder Inflatie',,"OPEX, MJP - Omzet, Omzet, Omzet - Warmte Input, Omzet - Stoom Input, Omzet - Warmte, Omzet - Stoom, MJP - OPEX, Operationele kosten (OPEX), OPEX - Warmte Input, OPEX - Stoom Input, OPEX - Warmte, OPEX - Stoom, Ontwikkelingskosten OPEX, Ontwikkelingskosten - Input, MJP - Afdelingsresultaat, Afdelingsresultaat, AFD - Warmte Input, AFD - Stoom Input, AFD - Warmte, AFD - Stoom, EBIDTA, Afschrijving - Input, Afschrijving, EBIT, CAPEX, MJP - Bruto Capex, Bruto Capex, Bruto Capex - Warmte Input, Bruto Capex - Stoom Input, Bruto Capex - Warmte, Bruto Capex - Stoom, MJP - Netto capex #1, Netto Capex  #1 (incl. Bak incl. Sub.), Netto Capex 1 - Warmte Input, Netto Capex 1 - Stoom Input, Netto Capex 1 - Warmte, Netto Capex 1 - Stoom, MJP - CAPEX BAK, CAPEX BAK - Input, CAPEX BAK, MJP - Subsidie (Plicht), Capex Subiside - input, Capex Subiside (Plicht), Netto Capex #2 (incl. deelname EBN), Netto Capex 2 - Warmte Input, Netto Capex 2 - Stoom input, Netto Capex 2 - Warmte, Netto Capex 2 - Stoom, WEQ, Aantal WEQ - Input, Aantal WEQ in exploitatie, -- Technical --, Format input, Write Warmte Input Omzet, Write Stoom Input Omzet, Format Warmte Input Omzet, Format Stoom Input Omzet, Write Warmte Input Operationele kosten, Write Stoom Input Operationele kosten, Format Warmte Input Operationele kosten, Format Stoom Input Operationele kosten, Write Warmte Input Bruto Capex, Write Stoom Input Bruto Capex, Format Warmte Input Bruto Capex, Format Stoom Input Bruto Capex, Write Warmte Input netto capex 1, Write Stoom Input netto capex 1, Format Warmte Input netto capex 1, Format Stoom Input netto capex 1, Write Warmte Input netto capex 2, Write Stoom Input netto capex 2, Format Warmte Input netto capex 2, Format Stoom Input netto capex 2"
IP 32. Urenschrijvende FTE's,INPUT,"SS Afdeling L5 - Budget Afdelingen, MJP Versions L2",Year,TR MJP,Not Applicable,New Line Items: Off,Show All Users: On,4545,,,,,,'RP 08. Formatie MJP',,"Gemiddelde FTE's, Urenschrijvende FTE's, Urenschrijvende FTE's - Input, CF"
IP 33. Loonkosten,INPUT,"MJP Versions L2, F2 Prestatiesoorten, SS Afdeling L5 - Keten",Year,TR MJP,Not Applicable,New Line Items: Off,Show All Users: On,11736,,,,,,,,Loonkosten ex. Inflatie
IP 34. Personeelskosten naar grootboekrekening,INPUT,"MJP Versions L2, SS - Account L12 - Budget, SS Afdeling L5 - Budget Afdelingen",Not Applicable,Not Applicable,Not Applicable,New Line Items: Off,Show All Users: On,24576,,,,,,'IP 35. Personeelskosten handmatig naar grootboekrekening',,"FTE gebonden kosten %, Inleenkosten %, ---Technical---, Format input"
IP 35. Personeelskosten handmatig naar grootboekrekening,INPUT,"MJP Versions L2, SS - Account L12 - Budget, SS Kostenplaats L7 - Budget",Not Applicable,Not Applicable,Not Applicable,New Line Items: Off,Show All Users: On,2035017,,,,,,"'CA 48. Personeelskosten naar maand', '└ FI 07ak. User Filters - Suppress Zeroes IP 35'",,"FTE gebonden kosten, FTE gebonden kosten %, FTE gebonden kosten verdeeld, Inleenkosten, Inleenkosten %, Inleenkosten verdeeld, Niet FTE gebonden kosten, Verdeling niet FTE gebonden kosten, Verdeelde kosten, Te verdelen kosten, Totale kosten, Totale kosten verdeeld, --- Technical ---, Format input, FTE Gebonden kosten <> 0"
IP 36. Verdeling FTEs naar prestatiesoorten,INPUT,"MJP Versions L2, F2 Prestatiesoorten, SS - Subafdeling L6 - OPS",Month,TR Budget 2026,Not Applicable,New Line Items: Off,Show All Users: On,12894,LM,,,,,"'IP 37. Verdeling FTE niet prestatiesoort', 'IP 38. Loonkosten prestatiesoort'",,"Verdeling FTE - Prestatiesoorten, ---Technical---, CF Input"
IP 37. Verdeling FTE niet prestatiesoort,INPUT,"MJP Versions L2, SS Afdeling L5 - OPS",Month,TR Budget 2026,Not Applicable,New Line Items: Off,Show All Users: On,3277,,,,,,,,"Totaal FTE (eindstand), Geen prestatiesoort FTE, Te verdelen in Prestatiesoorten, Verdeeld, Nog te verdelen, Restant %, ---Technical---, CF Input"
IP 38. Loonkosten prestatiesoort,INPUT,"MJP Versions L2, Support list #50, SS Afdeling L5 - OPS",Year,TR Budget 2026,Not Applicable,New Line Items: Off,Show All Users: On,17368,,,,,,"'IP 39. Dekking % Prestatiesoorten', 'CA 55. Correctiefactor', 'CA 56. Opslag per uur', 'CA 57. Uurtarief Afdeling', '└CA 57a. Productieve uren', 'CA 58. Uurtarief Subafdeling'",,"Afdeling, Subafdeling, Prestatiesoort (SAP), PRS naam (eigen), Code, Productieve uren, FTE Actuals - voor referentie, MJP - Gedekte FTE's, Actuals - Loonkosten per FTE, Actuals - Loonkosten tarief, Correctiefactor, MJP - Loonkosten tarief, -- Technical --, Input on Subafdeling?, Calculation correctionfactor, CF"
IP 39. Dekking % Prestatiesoorten,INPUT,"MJP Versions L2, Support list #50, SS Afdeling L5 - OPS, LIS (CA 24) kostencategorieen voor uurtarieven v2",Year,TR Budget 2026,Not Applicable,New Line Items: Off,Show All Users: On,115514,,,,,,'CA 56. Opslag per uur',,"Prestatiesoort, Dekkings %, Opslag per uur, --- Technical --, CF, Filter"
IP 40. Input Thema L3++ split,INPUT,"MJP Versions L2, SIP Thema L3++, SS Afdeling L5 - Budget Afdelingen",Not Applicable,Not Applicable,Not Applicable,New Line Items: Off,Show All Users: On,377383,,,,,,"'CA 52. UMDT - Thema Regio EG', '└  FI 07r. User Filters - Thema L3++ & Afdeling'",,"UMDT excl. Inflatie, UMDT inc. Inflatie, Overwrite SIP split, E, G, OPEX, Regio, E Final, G Final, Regio Final, OPEX Final, ---Technical---, Format input, Format input G, Waarde >0"
IP 41. Input Activiteit L4+ split,INPUT,"MJP Versions L2, SIP Activiteit L4 +, SS Afdeling L5 - Budget Afdelingen",Not Applicable,Not Applicable,Not Applicable,New Line Items: Off,Show All Users: On,2614836,,,,,,"'CA 53. UMDT - Activiteit Regio EG', 'FI 11. Activiteit L4 +'",,"UMDT excl. Inflatie, UMDT inc. Inflatie, Overwrite SIP split, E, G, OPEX, Regio, E Final, G Final, Regio Final, OPEX Final, ---Technical---, Format input, Format input G, Waarde >0?"
IP 42. IKT Budget,INPUT,"MJP Versions L2, IKT items",Not Applicable,Not Applicable,Not Applicable,New Line Items: Off,Show All Users: On,50,,,,,,'CA 59. IKT',,"Prijs, Volume, Total cost, Technical, CF Price, CF Volume"
IP 43. IKT Growth,INPUT,"MJP Versions L2, IKT items",Year,TR MJP,Not Applicable,New Line Items: Off,Show All Users: On,360,,,,,,'CA 59. IKT',,"Groei volume (%), Groei price Tennet (%), Technical, CF Growth Volume, CF Price Tennet"
IP 44. Dummy Maand Allocatie,INPUT,"MJP Versions L2, Dummy Maand",Not Applicable,Not Applicable,Not Applicable,New Line Items: Off,Show All Users: On,48,,,,,,'CA 59. IKT',,"Netto MW allocatie (%), Technical, CF MW"
IP 45. Netverliezen Budget,INPUT,"MJP Versions L2, Product, Dummy Maand",Not Applicable,Not Applicable,Not Applicable,New Line Items: Off,Show All Users: On,1146,,,,,,"'CA 60. Netverliezen Allocatie', '└EX 01a. Export netverliezen to FSP'",,"Prijs, Volume, Subtotaal (P*Q), Vergroening, Nacalculaties, Totaal, Technical, Volume Jaarbasis, CF P, CF Q, CF Vergroening, CF Nacalculaties"
IP 46. Netverliezen Future,INPUT,"MJP Versions L2, Product",Year,TR MJP,Not Applicable,New Line Items: Off,Show All Users: On,540,,,,,,'└EX 01a. Export netverliezen to FSP',,"Prijs, Quantity, Subtotaal (P*Q), Vergroening, Nacalculaties, Totaal, Technical, CF P, CF Q, CF Vergroening, CF Nacalculaties"
IP 47. Netverliezen Eigenschappen,INPUT,"MJP Versions L2, Product",Not Applicable,Not Applicable,Not Applicable,New Line Items: Off,Show All Users: On,24,,,,,,,,"Kostenplaats, Account, Technical, CF Kostenplaats, CF Account"
IP 48. KPI report creation input,INPUT,"MJP Versions L2, Support list #50, SS Afdeling L5 - Budget Afdelingen",Not Applicable,Not Applicable,Not Applicable,New Line Items: Off,Show All Users: On,38400,,,,,,'RP 17. KPI Waarde report creation',,"KPI of Groepering, Groepering, KPI_Afdeling, Eenheid, KPI Omschrijving, KPI, ---Technical---, KPI?, Randvoorwaarde?, Filled?, CF - KPI, CF - Randvoorwaarde, CF - Input"
IP 49. Forecast keuze uurtarieven,,SS Afdeling L5 - OPS,Not Applicable,Not Applicable,Not Applicable,New Line Items: Off,Show All Users: On,8,,,,,,'IP 38. Loonkosten prestatiesoort',,"Subafdeling niveau?, Afdeling niveau?"
⠀⠀⠀      ◼️  Calculation Modules,,,Not Applicable,Not Applicable,Not Applicable,New Line Items: Off,Show All Users: On,0,,,,,,,,
CA 00. SIP Adjusted,CALCULATION,"MJP Versions L2, OPEX CAPEX, SS Afdeling L5 - OPS (SIP)",Year,TR Model calendar + Total periods,Not Applicable,New Line Items: Off,Show All Users: On,18120,MR: To be moved to FSP,,,,,"'CA 01. SIP - continued', 'CA 40. BAK Inflatie + Meerjarig'",,"Base Amount (LO 02), Groei SIP % OPEX/CAPEX, Groei SIP% TOTEX"
└CA 00a. SIP- Delta Analyse,CALCULATION,"MJP Versions L2, OPEX CAPEX, SS Afdeling L5 - OPS (SIP)",Year,TR Model calendar + Total periods,Not Applicable,New Line Items: Off,Show All Users: On,71952,MR: To be moved to FSP,,,,,,,"SIP (LO 02), MJP (CA 29), Delta % Prijspeil, MJP Inclusief Inflatie (DA47), Prijspeil na Inflatie, Plannen?"
CA 01. SIP - continued,CALCULATION,"MJP Versions L2, COEA, Rekeningcategorie, SS Afdeling L5 - OPS",Year,TR 20 Y,Not Applicable,New Line Items: Off,Show All Users: On,99078,MR: To be moved to FSP,,,,,"'CA 34. MJP naar thema''s - Meerjarig', 'CA 40. BAK Inflatie + Meerjarig', 'EX xx. Export plan to FSP'",,"Totaal MJP exclusief inflatie, Totaal MJP Inclusief Inflatie, Groei SIP %, Incrementale inflatie, LTF Inflatie voor jaren na MJP, Groei + Inflatie, MJP Groei exclusief, Totaal CAPEX ex inflatie, Totaal CAPEX incl inflatie"
CA 04. FTE naar COEA,CALCULATION,"MJP Versions L2, SS - COEA - zonder AFD, SS Afdeling L5 - Budget Afdelingen",Year,TR MJP,Not Applicable,New Line Items: Off,Show All Users: On,19659,HV: Another candidate for rebuild,,,,,'CA 29. MJP naar Afdelingen',,"Uren Uitveringskosten, Leenmonteurs, Percentage Budget, Uren, Totaal Uren, New Percentage Budget, Overwrite?, Overwrite COE, Percentage COE, Totaal Kosten Verdeeld, -- Technical --, CF Overwrite?, CF Overwrite COE, Write access, Sum of OPEX/CAPEX"
CA 05. Risico & Kansen,CALCULATION,"MJP Versions L2, Afdeling L5, Risico & Kansen soort",Year,TR MJP,Not Applicable,New Line Items: Off,Show All Users: On,88938,,,,,,,,"R&K totaal minder, R&k Totaal meer, Budget, Scenario:  minder, Scenario: meer, ---Technical---, Format, Text dashboard"
CA 06. FTE kosten MJP,CALCULATION,"MJP Versions L2, SS - FTE Type FSP, SS Afdeling L5 - Budget Afdelingen",Year,TR MJP,Not Applicable,New Line Items: Off,Show All Users: On,40500,,,,,,"'IP 32. Urenschrijvende FTE''s', 'CA 24. MJP Kosten uren uitvoeringskosten', '└ CA 25a. FTE & Uurtarief input', 'CA 29. MJP naar Afdelingen', 'RP 08. Formatie MJP', '└EX 01b. Export plan to FSP - % Personeelkosten'",,"Eindstand FTE, Gemiddelde FTE (Calculatie), Overwrite?, Overwrite, Final Gemiddelde FTE, Gemiddelde P-kosten BU (€k), Personeelkosten MJP, Personeelkosten MJP incl inflatie, Technical, CF Overwrite?, CF Overwrite"
CA 07. Variante SIP/MJP,CALCULATION,"MJP Versions L2, Inflatie excl/incl, SS - COEA - zonder AFD, SS Afdeling L5 - Budget Afdelingen",Year,TR MJP,Not Applicable,New Line Items: Off,Show All Users: On,56376,Dashboarding,,,,,,,"MJP - Meerjarenplan, SIP - Geselecteerde Variant I, SIP - Geselecteerde Variant II, Delta - Percentage (%), Delta - absoluut (€), ---Technical---, Exc. Inflatie?"
└ CA 07a. Selectie SIP Varianten voor verglijk,CALCULATION,,Not Applicable,Not Applicable,Not Applicable,New Line Items: Off,Show All Users: On,2,,,,,,'CA 07. Variante SIP/MJP',,"Variant I, Variant II"
CA 11. Verdeling naar Grootboekrekening overzicht,CALCULATION,"MJP Versions L2, COEA, SS Kostenplaats L7 - Budget, LIS (DA45) Budgetitems",Not Applicable,Not Applicable,Not Applicable,New Line Items: Off,Show All Users: On,839689,,,,,,"'└ IP 10a. Verdeling naar grootboekrekening', 'CA 17. Controle Volledigheid KP/GBR/Maand/Thema', 'FI 09. Driver DB Filter'",,"Waarde, Driver, Final Driver, Verdeeld, Nog te verdelen, Afwijkingspercentage, Format, CF Nog te verdelen, Filter Blanks, BUD?, Write for not DB/TS/IC, Rekcat, Filter Zero"
CA 11 NEW. Verdeling naar Grootboekrekening,CALCULATION,"MJP Versions L2, COEA, Rekeningcategorie, SS Kostenplaats L7 - Budget",Not Applicable,Not Applicable,Not Applicable,New Line Items: Off,Show All Users: On,1055847,HV: Publish in 5.1,,,,,"'└ IP 10a NEW. Verdeling naar grootboekrekening', 'CA 17. Controle Volledigheid KP/GBR/Maand/Thema', 'RP 27. Check report overview', 'RP 28. Controle Volledigheid GBR/Maand', '└ FI 07af. User Filters - Suppress Zeroes IP 10a NEW', 'FI 09. Driver DB Filter'",,"Waarde, Driver, Final Driver, Verdeeld, Nog te verdelen, Afwijkingspercentage, Format, CF Nog te verdelen, Technical, Blank final driver?, Eigen invoer driver?, Automatische Allocatie?, Actuals CY?, Actuals LY?, Actuals Prev version?, Absolute Waarde UMDT, Filter Blanks, BUD?, Write for not automatic allocation"
└ CA 11a. Verdeling naar maand overzicht,CALCULATION,"MJP Versions L2, Afdeling L5, COEA, LIS (DA45) Budgetitems",Not Applicable,Not Applicable,Not Applicable,New Line Items: Off,Show All Users: On,160050,RM: Do we need it at all?,,,,,,,"Afdelingskosten, Verdeeld, Nog te verdelen, Afwijkingspercentage, Format"
└ CA 11a NEW. Verdeling naar maand overzicht,CALCULATION,"MJP Versions L2, Afdeling L5, COEA, Rekeningcategorie",Not Applicable,Not Applicable,Not Applicable,New Line Items: Off,Show All Users: On,113490,HV: Do we need the full afdeling list here? RM: Do we need it at all?,,,,,'CA 17. Controle Volledigheid KP/GBR/Maand/Thema',,"Afdelingskosten, Verdeeld, Nog te verdelen"
CA 14. FTE Versie Variance,CALCULATION,"Users, Import Scenario, SS Afdeling L5 - Budget Afdelingen, LIS (RP 08) Formatie MJP 2",Not Applicable,Not Applicable,Not Applicable,New Line Items: Off,Show All Users: On,1082804,HV: Rebuild like in RP 21 & 22.,,,,,,,"Versie 1, Versie 2, Δ, Δ%, Versie 1 - Totaal, Versie 2 - Totaal, Δ - Totaal, Δ% - Totaal, --- Technical ---, Collect FS05, Collect in startjaar, Versie 1 in startjaar, Versie 2 in startjaar, LIS (FS 05) Dummy Summing Item, Dummy Versie 1, Dummy Versie 2, CF Δ, CF Δ Totaal"
CA 16. Controle Dekking Uren,CALCULATION,"MJP Versions L2, SS Afdeling L5 - Budget Afdelingen, LIS (DA45) Budgetitems",Month,TR MJP,Not Applicable,New Line Items: Off,Show All Users: On,2141371,HV: Needed?,,,,,,,"OPEX, CAPEX, EXTERN, TOTEX, Δ, Afdelingskosten, Totaal Leenmonteurs, Δ incl Leenmonteurs, --- TECHNICAL ---, Finale Waarde - COEA, Leenmonteurs, Waterfall, Filter afdeling"
CA 16 NEW. Controle Dekking COEA,CALCULATION,"MJP Versions L2, COEA, Rekeningcategorie, SS Afdeling L5 - Budget Afdelingen",Month,TR MJP,Not Applicable,New Line Items: Off,Show All Users: On,1117935,HV: Replace CA16 but not in UX,,,,,'RP 23. Controle Dekking Uren',,COEA Finale Waarde
└CA 16a. Controle UMD vs Thema,CALCULATION,"MJP Versions L2, Dummy Maand, SS - COEA - zonder AFD, SS Kostenplaats L7 - Budget, SS Rekeningcategorie - UMDT",Not Applicable,Not Applicable,Not Applicable,New Line Items: Off,Show All Users: On,2605134,HV: Needed?,,,,,'RP 27. Check report overview',,"Totaal, Thema/Activiteit, GBR, --Technical--, Delta %, CF, Te groot?, CF te groot, Afdeling per Dummy Maand Delta %, Afdeling per Dummy Maand te groot?"
CA 17. Controle Volledigheid KP/GBR/Maand/Thema,CALCULATION,"MJP Versions L2, COEA, SS Afdeling L5 - Budget Afdelingen",Not Applicable,Not Applicable,Not Applicable,New Line Items: Off,Show All Users: On,20903,HV: Needed? - RM:Dashboarded in 9.1 - Reworked in RP 28,,,,,,,"--- Grootboekrekening ---, Nog te verdelen Grootboekrekening per Kostensoort, Nog te verdelen Grootboekrekening per dummy, Nog te verdelen Grootboekrekening, Grootboekrekening, CF Grootboekrekening, --- Maanden ---, Nog te verdelen Maanden per kostensoort, Nog te verdelen Maanden per dummy, Nog te verdelen Maanden, Nog te verdelen Maanden NEW, Maanden, CF Maanden, --- Technical ---, Afwijking"
CA 18. Invoer seizoenspatroon IC,CALCULATION,"MJP Versions L2, Support list #10, SS IC Afdelingen - Selectie, SS Afdeling L5 - IC",Month,TR MJP,Not Applicable,New Line Items: Off,Show All Users: On,6747840,,,,,,"'└ IP 11a. Invoer seizoenspatroon IC handmatig', 'CA 37. IC naar GBR/KP', 'RP 01. IC output'",,"Calculated (Versturend), Calculated (Ontvangend), -- Technical --, Seasonal Pattern, Tegenpartij, Tegenpartij -> Afdeling L5, Afdeling L5 -> Tegenpartij, Versturende Partij, GBR (Versturend L12), GBR (Ontvangend L12), Kostenplaats (Versturend), Kostenplaats (Ontvangend)"
CA 19. Rekeningcategorie Allocatie,CALCULATION,"MJP Versions L2, Afdeling L5, SS Rekeningcategorie - Combined",Not Applicable,Not Applicable,Not Applicable,New Line Items: Off,Show All Users: On,14928,HV: Needed?,,,,,'RP 27. Check report overview',,"Bedrag, Verdeeld, Nog te verdelen, Afwijkingspercentage, Format"
└ CA 19a. Rekening categorie verdeling,CALCULATION,"MJP Versions L2, SS Rekeningcategorie - Combined, SS Kostenplaats L7 - Budget",Not Applicable,Not Applicable,Not Applicable,New Line Items: Off,Show All Users: On,14094,HV: Input module,'FI 04. Read-Only'.Lock yearly input,'FI 04. Read-Only'.Open yearly input,,,"'IP 10. Verdeling naar kostenplaatsen', 'IP 10x1. NEW Afdelingkosten naar KP', 'IP 10x2. NEW Handmatig Verdeling naar KP', 'CA 19. Rekeningcategorie Allocatie', 'CA 20. Toeslag Direct'",,"Eigen Invoer, Format"
CA 20. Toeslag Direct,CALCULATION,"MJP Versions L2, SS Kostenplaats L7 - Budget",Not Applicable,Not Applicable,Not Applicable,New Line Items: Off,Show All Users: On,7458,HV: Check and remove,,,,,"'IP 10. Verdeling naar kostenplaatsen', 'IP 10x2. NEW Handmatig Verdeling naar KP'",,"Handmatig, Berekend, Toeslag Direct, == NEW ==, Total kosten, niet cf IAS 16, Toeslage direct"
CA 21. Berekend UMDT op Activiteit,CALCULATION,"MJP Versions L2, SIP Activiteit L4 +, SS - COEA - zonder AFD, SS Afdeling L5 - Budget Afdelingen",Not Applicable,Not Applicable,Not Applicable,New Line Items: Off,Show All Users: On,39215925,,,,,,"'DA 32. UMDT op Afdeling (L4+) -> Rekeningcategorie', 'IP 13. UMDT op Activiteiten', 'IP 14. Directe toeslagen', 'IP 15. Uurtarieven', 'IP 17. UMDT op Kostenplaats', 'IP 29. Seizoenspatroon Activity L4+', 'CA 04. FTE naar COEA', '└ CA 21b. UMDT KPI''s', '└ CA 21c. UMDT + Inflatie (L4+)', '└ CA 22a. Berekening toeslagen', '└ CA 22a. Berekening toeslagen - Copy', '└ CA 25a. FTE & Uurtarief input', 'CA 32. Toeslag Indirect MJP', 'CA 32xx. Toeslag Indirect MJP', 'CA 33. Toeslag indirect dekkings controle', 'CA 43. Materiaal Staging Activiteit L4+', 'IM 37. SIP Activiteit L4 +'",,"COE - Activiteit, Eenheid, Uurtarief, Aantal (Q), Uren (€), Materiaal, Diensten derden, UMD (€), TS - Materiaal, TS - Direct, TS - Direct 2, TS - Indirect, TS - OPSS, UMDT (€), TS - Materiaal %, TS - Direct %, TS - Direct 2 %, TS - Indirect %, TS - OPSS %, ---KPI---, KPI - KP incl. Toeslag, ---Materiaal Kosten---, Materiaal - Magazijn, Materiaal - Overig, - Technical -, Uren, Thema L3, Kosten tbv indirecte toeslag, Kosten tbv materiaaltoeslag, Kosten tbv OPSS toeslag, OPS Support totex, Technical Uren, Afdeling L5 Filter"
└ CA 21a. Allocatie naar Kostenplaats Activiteit L4+,CALCULATION,"MJP Versions L2, SIP Activiteit L4 +, Dummy Total, SS - COEA - zonder AFD, SS Kostenplaats L7 - Budget, SS Rekeningcategorie - UMDT",Not Applicable,Not Applicable,Not Applicable,New Line Items: Off,Show All Users: On,569382459,,,,,,"'IP 10. Verdeling naar kostenplaatsen', 'IP 10x2. NEW Handmatig Verdeling naar KP', '└  CA 21d. Activiteit_kostenplaats combinatie', '└CA 35c. Monthly allocation Activity L4+ to UMDT - Copy', 'CA 43. Materiaal Staging Activiteit L4+', 'RP 14. UMDT - Kostenplaats', 'RP 27. Check report overview'",,"Allocation key to KP, Allocation for valid combinations, Totaal kosten UMDT activiteit, Data SS Afdeling naar Parent, Final allocation, Final allocation test, ---Technical---, Data Afdeling Total, Allocation Total, Dummy Total, Valid Combinations L3"
└ CA 21a NEW. Allocatie naar CC Activiteit L4+ - Copy,CALCULATION,"MJP Versions L2, SIP Activiteit L4 +, SS - COEA - zonder AFD, SS Kostenplaats L7 - Budget, SS Rekeningcategorie - UMDT",Not Applicable,Not Applicable,Not Applicable,New Line Items: Off,Show All Users: On,120498840,,,,,,,,"UMDT naar Kostenplaats (Allocatiesleutel), Allocation for valid combinations, Valid Combinations L3, Totaal kosten UMDT activiteit, Data SS Afdeling naar Parent, Dummy Total"
└ CA 21b. UMDT KPI's,CALCULATION,"MJP Versions L2, SS - COEA - zonder AFD, SS Afdeling L5 - Budget Afdelingen",Not Applicable,Not Applicable,Not Applicable,New Line Items: Off,Show All Users: On,588,,,,,,,,KP incl. Toeslag
└ CA 21c. UMDT + Inflatie (L4+),CALCULATION,"MJP Versions L2, SIP Activiteit L4 +, COEA, SS Afdeling L5 - Budget Afdelingen, LIS (CA 21) UMD - Activiteit L4+",Not Applicable,Not Applicable,Not Applicable,New Line Items: Off,Show All Users: On,182097720,,,,,,"'IP 41. Input Activiteit L4+ split', '└CA 35g. Monthly allocation on thema L3', 'CA 53. UMDT - Activiteit Regio EG', 'RP 13. UMDT - Afdeling'",,"Kosten excl. Inflatie, Inflatie, Kosten incl. Inflatie, UMDT inclusief inflatie, UMDT inclusief inflatie 2, Kosten incl. Inflatie en UMDT"
└  CA 21d. Activiteit_kostenplaats combinatie,CALCULATION,"MJP Versions L2, SIP Activiteit L4 +, SS Kostenplaats L7 - Budget",Not Applicable,Not Applicable,Not Applicable,New Line Items: Off,Show All Users: On,4018661,,,,,,,,"UMDT naar Kostenplaats (Allocatiesleutel), Activitieit, Kostenplaats, Activiteit_Kostenplaats TXT, FO, ITEM, Load?, Load warning"
CA 22. Berekening Doorbelastingen,CALCULATION,"MJP Versions L2, SS Afdeling L5 - Doorbelastingen en toeslagen, SS Rekeningcategorie - Doorbelastingen, SS DB/TS - Doorbelastingen",Year,TR MJP,Not Applicable,New Line Items: Off,Show All Users: On,150156,,,,,,"'CA 19. Rekeningcategorie Allocatie', 'CA 24. Budget Kosten uren uitvoeringskosten-TBD', 'CA 24. MJP Kosten uren uitvoeringskosten', 'CA 29. MJP naar Afdelingen', 'CA 44. Inflatie Staging', 'CA 45. Doorbelasting inflatie staging', 'RP 03. DB / TS Overview', 'RP 27. Check report overview'",,"Ontvangend, Ontvangend - Allocatie final, Ontvangend - Calculatie incl inflatie, Ontvangend - Calculatie ex inflatie, Versturend, Versturend - Allocatie, Versturend - Calculatie incl inflatie, Versturend - Calculatie ex inflatie, Totaal, Totaal incl inflatie, Totaal excl inflatie, Inflatie Calculatie %, Allocatie naar Kostenplaats, Kosten, Verdeeld, Nog te verdelen, Format, --- Technical ---, Read Access?"
└ CA 22a. Berekening toeslagen,CALCULATION,"MJP Versions L2, Inflatie excl/incl, SS Afdeling L5 - OPS",Year,TR MJP,Not Applicable,New Line Items: Off,Show All Users: On,2088,,,,,,"'CA 21. Berekend UMDT op Activiteit', '└ CA 22b. Collect toeslagen', '└ CA 22c. Collect indirecte toeslagen', 'CA 23. Berekend UMDT op L3++ Thema''s', 'CA 26. Calculatie Toeslag Indirect', 'CA 32. Toeslag Indirect MJP', 'CA 33. Toeslag indirect dekkings controle', 'RP 03. DB / TS Overview'",,"Kosten, TOTEX (Exclusief toeslagen), TOTEX (Exclusief toelsagen) OPSS, Toeslagdragende materiaalkosten, OPS Support, OPS Support % - Calculatie, Magazijntoeslag, Magazijntoeslag - Calculatie, Indirecte toeslag, Netwerkontwikkeling toeslag - Calculatie, Inkoop toeslag - Calculatie, VGMK toeslag - Calculatie, Bedrijfsvoering toeslag - Calculatie, Indirecte toeslag - Calculatie"
└ CA 22a. Berekening toeslagen - Copy,CALCULATION,"MJP Versions L2, Inflatie excl/incl, SS Afdeling L5 - OPS",Year,TR MJP,Not Applicable,New Line Items: Off,Show All Users: On,2088,,,,,,,,"Kosten, TOTEX (Exclusief toeslagen), TOTEX (Exclusief toelsagen) OPSS, Toeslagdragende materiaalkosten, OPS Support, OPS Support % - Calculatie, Magazijntoeslag, Magazijntoeslag - Calculatie, Indirecte toeslag, Netwerkontwikkeling toeslag - Calculatie, Inkoop toeslag - Calculatie, VGMK toeslag - Calculatie, Bedrijfsvoering toeslag - Calculatie, Indirecte toeslag - Calculatie"
└ CA 22b. Collect toeslagen,CALCULATION,"MJP Versions L2, Inflatie excl/incl, LIS (CA 22a) Toeslagen",Year,TR MJP,Not Applicable,New Line Items: Off,Show All Users: On,216,,,,,,'└ IP 16c. Toeslagen percentages',,Collect
└ CA 22c. Collect indirecte toeslagen,CALCULATION,"MJP Versions L2, Inflatie excl/incl, SS Afdeling L5 - OPS, LIS (CA 22a) Indirecte toeslagen",Year,TR MJP,Not Applicable,New Line Items: Off,Show All Users: On,420066,,,,,,'CA 38. Toeslagen GBR',,"Collect, Verhouding toeslagen, ---Technical---, Verhouding toeslagen geen inflatie, Verhouding toeslagen - kostenplaats, Verhouding Toeslagen - KP & Dummy Maand"
CA 23. Berekend UMDT op L3++ Thema's,CALCULATION,"MJP Versions L2, SIP Thema L3++, SS - COEA - zonder AFD, SS Afdeling L5 - Budget Afdelingen",Not Applicable,Not Applicable,Not Applicable,New Line Items: Off,Show All Users: On,5714747,,,,,,"'DA 33 UMDT (L3+ ) op Kostenplaats -> Rekeningcategorie', 'IP 14. Directe toeslagen', 'IP 15. Uurtarieven', 'IP 19. UMDT op L3++ Thema''s', 'IP 20. UMDT Thema''s op Kostenplaats', 'IP 30. Seizoenspatroon Thema L3++', 'CA 04. FTE naar COEA', '└ CA 22a. Berekening toeslagen', '└ CA 22a. Berekening toeslagen - Copy', '└ CA 23b. UMDT Thema''s KPI''s', '└ CA 23c. UMDT + Inflatie (L3+)', '└ CA 25a. FTE & Uurtarief input', 'CA 32. Toeslag Indirect MJP', 'CA 32xx. Toeslag Indirect MJP', 'CA 33. Toeslag indirect dekkings controle', 'CA 42. Materiaal Staging Thema L3++'",,"COE - Activiteit, Eenheid, Uurtarief, Aantal (Q), Uren (€), Materiaal, Diensten derden, UMD (€), TS - Materiaal, TS - Direct, TS - Direct 2, TS - Indirect, TS - OPSS, UMDT (€), TS - Materiaal %, TS - Direct %, TS - Direct % 2, TS - Indirect %, TS - OPSS %, ---KPI---, KPI - KP incl. Toeslag, ---Materiaal Kosten---, Materiaal - Magazijn, Materiaal - Overig, - Technical -, Kosten tbv indirecte toeslag, Kosten tbv materiaaltoeslag, kosten tbv opsstoeslag, Afdeling L5 Filter, Uren, Filter COE, COE - Euros Filter, OPSS Totex, Thema Filter"
└  CA 23a. Allocatie naar Kostenplaats Thema L3 +,CALCULATION,"MJP Versions L2, SIP Thema L3++, SS - COEA - zonder AFD, SS Kostenplaats L7 - Budget, SS Rekeningcategorie - UMDT",Not Applicable,Not Applicable,Not Applicable,New Line Items: Off,Show All Users: On,24279380,,,,,,"'IP 10. Verdeling naar kostenplaatsen', 'IP 10x2. NEW Handmatig Verdeling naar KP', '└CA 35f. Monthly allocation Thema L3++ to UMDT  to KP', 'CA 42. Materiaal Staging Thema L3++', 'RP 14. UMDT - Kostenplaats', 'RP 27. Check report overview'",,"Allocation %, Data, Allocation for valid combinations, ---TECHNICAL---, COEA, Data (Afdeling)"
└ CA 23b. UMDT Thema's KPI's,CALCULATION,"MJP Versions L2, SS - COEA - zonder AFD, SS Afdeling L5 - Budget Afdelingen",Not Applicable,Not Applicable,Not Applicable,New Line Items: Off,Show All Users: On,588,HV: Needed?,,,,,,,KP incl. Toeslag
└ CA 23c. UMDT + Inflatie (L3+),CALCULATION,"MJP Versions L2, SIP Thema L3++, SS - COEA - zonder AFD, SS Afdeling L5 - Budget Afdelingen, LIS (CA 23) UMD - Thema's L3 +",Not Applicable,Not Applicable,Not Applicable,New Line Items: Off,Show All Users: On,22813812,,,,,,"'IP 40. Input Thema L3++ split', '└CA 35g. Monthly allocation on thema L3', 'CA 52. UMDT - Thema Regio EG', 'RP 13. UMDT - Afdeling'",,"Kosten excl. Inflatie, Inflatie, Kosten incl. Inflatie, Kosten excl inflatie, UMD, UMDT Inclusief inflatie, UMDT inclusief inflatie 2, Kosten incl. Inflatie en UMDT"
CA 24. Budget Kosten uren uitvoeringskosten-TBD,CALCULATION,"MJP Versions L2, Inflatie excl/incl, SS Afdeling L5 - Budget Afdelingen",Not Applicable,Not Applicable,Not Applicable,New Line Items: Off,Show All Users: On,6396,HV: This we should delete,,,,,'CA 25. Budget Uren uitvoeringskosten',,"Wagenpark Kosten, ICT Kosten, NS reiskosten, Huisvestingskosten, Gereedschap, Kleding, Terughaalactie, Bedrijfsvoering, Management Fee, Totaal  Doorbelastingen, Omzet, Personeelkosten, Materiaal Kosten, Diensten Derden, Overige Kosten, IC Kosten, Totaal Rekeningscategorieen, SPP Kosten, Consignatiedienst, PPO Kosten, CSR Kosten, BBL Leerlingen, Change activiteiten Kosten, Opleidingskosten, Overig Kosten (IAS 16), Totaal niet cf IAS 16, - Totaal IAS 16, Totaal Kosten, Totaal Kosten te dekken"
CA 24. MJP Kosten uren uitvoeringskosten,CALCULATION,"MJP Versions L2, Inflatie excl/incl, SS Afdeling L5 - Budget Afdelingen",Year,TR MJP,Not Applicable,New Line Items: Off,Show All Users: On,36396,,,,,,'CA 25. MJP Uren uitvoeringskosten',,"Wagenpark Kosten, ICT Kosten, NS reiskosten, Huisvestingskosten, Gereedschap, Kleding, Terughaalactie, Bedrijfsvoering, Management Fee, Totaal  Doorbelastingen, Omzet, Personeelkosten, Materiaal Kosten, Diensten Derden, Overige Kosten, IC Kosten, Totaal Rekeningscategorieen, SPP Kosten, Consignatiedienst, PPO Kosten, CSR Kosten, BBL Leerlingen, Change activiteiten Kosten, Opleidingskosten, Overig Kosten (IAS 16), Totaal niet cf IAS 16, - Totaal IAS 16, Totaal Kosten, Totaal Kosten te dekken"
CA 25. Budget Uren uitvoeringskosten,CALCULATION,"MJP Versions L2, SS Afdeling L5 - Budget Afdelingen, LIS (CA 24) Kostencategorieen voor Uurtariefen no time",Not Applicable,Not Applicable,Not Applicable,New Line Items: Off,Show All Users: On,36334,,,,,,"'IP 14. Directe toeslagen', 'CA 25. MJP Uren uitvoeringskosten', '└ CA 25a. FTE & Uurtarief input'",,"Kosten, % Uitvoeringskosten, Final % Uitvoeringskosten, Dekking uren uitvoeringskosten, Gedekt via toeslag direct, Kosten zonder IAS 16, Gemiddeld % Uitvoeringskosten, Dekking in uren - zonder IAS 16, Toeslag direct -  zonder IAS 16, ---Technical---, Dekking uren uitvoeringskosten Dummy Total, Kosten excl. inflatie, Budget - Dekking uren uitvoeringskosten, Budget - % uitvoeringskosten, Uitvoeringskosten % Totaal, Format input"
CA 25. MJP Uren uitvoeringskosten,CALCULATION,"MJP Versions L2, SS Afdeling L5 - Budget Afdelingen, LIS (CA 24) Kostencategorieen voor Uurtariefen",Year,TR MJP,Not Applicable,New Line Items: Off,Show All Users: On,337635,,,,,,"'CA 04. FTE naar COEA', 'CA 29. MJP naar Afdelingen', 'CA 31. Toeslag Direct MJP', 'CA 55. Correctiefactor', 'CA 56. Opslag per uur', 'CA XX. Inflatie Staging UMD', 'CA 44. Inflatie Staging', 'RP 27. Check report overview'",,"Kosten, % Uitvoeringskosten, Final % Uitvoeringskosten, Dekking uren uitvoeringskosten, Gedekt via toeslag direct, Kosten zonder IAS 16, Gemiddeld % Uitvoeringskosten, Dekking in uren - zonder IAS 16, Toeslag direct -  zonder IAS 16, ---Technical---, Kosten excl. inflatie, -- Inflation --, Inflatie %, Kosten incl. inflatie, Kosten incl inflation - Dekking uren, Kosten incl inflation - Toeslag direct, Kosten incl inflatie -  uren - zonder IAS 16, Kosten incl inflatie -  toeslag direct - zonder IAS 16, Inflation % Dekking Uren, Inflation % Toeslag Direct"
└ CA 25a. FTE & Uurtarief input,CALCULATION,"MJP Versions L2, SS Afdeling L5 - Budget Afdelingen",Not Applicable,Not Applicable,Not Applicable,New Line Items: Off,Show All Users: On,1932,,,,,,"'IP 15. Uurtarieven', 'IP 32. Urenschrijvende FTE''s', 'CA 19. Rekeningcategorie Allocatie', 'RP 27. Check report overview'",,"Gemiddelde FTE, Urenschrijvende FTE, Overige FTE, -, Aantal productieve uren p.j. (ex leenmonteurs), Beschikbare uren - Invoer, Beschikbare uren - Leenmonteurs, Beschikbare uren - Invoer kostenplaats, Totaal productieve uren beschikbaar, Uren Dekking - Afdelingskosten (€), Uren Dekking - Leenmonteurs (€), Uren Dekking - Stelpost (-), Totaal uren uitvoeringskosten, Gemiddeld tarief, Verwerkte uren (Thema), Verwerkte uren (Activiteit), Verwerkte uren (TOTEX), Saldo (nog) beschikbare uren, Beschikbare uren (UMD) / Uurtarief, KPI Beschikbare uren, ---- Technical ----, Percentage uren schrijvend, Budget - Tarief, Format input, Rounding beschikbare uren, Rounding Totaal"
CA 26. Calculatie Toeslag Indirect,CALCULATION,"MJP Versions L2, SS - COEA - zonder AFD, SS Rekeningcategorie - Toeslag Indirect, SS Kostenplaats L7 - Active",Year,TR MJP,Not Applicable,New Line Items: Off,Show All Users: On,355131,HV: TBD,,,,,,,"UMD, Toeslag Indirect %, Toeslag Indirect, Magazijntoeslag %, OPSS toeslag %, OPSS Toeslag"
CA 27. IC Kostenplaats Waarde,CALCULATION,"MJP Versions L2, SS Rekeningcategorie - IC, SS Kostenplaats L7 - Budget",Not Applicable,Not Applicable,Not Applicable,New Line Items: Off,Show All Users: On,3318,,,,,,"'IP 10. Verdeling naar kostenplaatsen', 'IP 10x1. NEW Afdelingkosten naar KP', 'IP 10x2. NEW Handmatig Verdeling naar KP', 'CA 20. Toeslag Direct'",,Waarde in Kostenplaats
CA 28. KPI Admin per KPI,CALCULATION,"KPI_Afdeling, LIS (IM 42) KPI Filter",Not Applicable,Not Applicable,Not Applicable,New Line Items: Off,Show All Users: On,51660,,,,,,"'└ FI 07v. User Filters - KPI_Afdelingen', 'IM 43. KPI_Afdeling'",,"KPI Filter, Verplicht?, Due Date"
CA 29. MJP naar Afdelingen,CALCULATION,"MJP Versions L2, COEA, SS Afdeling L5 - Budget Afdelingen",Year,TR MJP,Not Applicable,New Line Items: Off,Show All Users: On,112455,,,,,,"'└CA 00a. SIP- Delta Analyse', 'CA 05. Risico & Kansen', '└  CA 29a. MJP naar Afdeling Collect', 'CA 32. Toeslag Indirect MJP', 'CA 32xx. Toeslag Indirect MJP', 'CA 34. MJP naar thema''s', 'CA XX. Inflatie Staging UMD', '└CA 41a. Netverder Inflatie - Naar rekeningcategori', 'RP 16. MJP Inflatie'",,"Activering, Omzet, Uren, Materiaal, Diensten Derden, Toeslag Direct, Toeslag Indirect, Personeel, Doorbelastingen, Overige Kosten, IC, Totaal, niet cf IAS 16, -- Technical --, EBIT, Totex thema, Totex exclusief toeslagen, Totaal ex activering"
└  CA 29a. MJP naar Afdeling Collect,CALCULATION,"MJP Versions L2, COEA, SS Afdeling L5 - Budget Afdelingen, LIS (CA 29) MJP",Year,Model Calendar,Not Applicable,New Line Items: Off,Show All Users: On,69888,,,,,,'CA 46 Cost + Inflatie',,Data
CA 30. DB/TS naar Kostenplaats,CALCULATION,"MJP Versions L2, DB/TS items, SS Kostenplaats L7 - Budget",Not Applicable,Not Applicable,Not Applicable,New Line Items: Off,Show All Users: On,87864,,,,,,"'IP 10. Verdeling naar kostenplaatsen', 'IP 10x2. NEW Handmatig Verdeling naar KP'",,"Handmatig, Automatisch, Final, Final - Doorbelastingen, Final - Toeslagen"
CA 30a. DB/TS naar Afdeling,CALCULATION,"MJP Versions L2, DB/TS items, SS Afdeling L5 - Doorbelastingen en toeslagen",Year,TR MJP,Not Applicable,New Line Items: Off,Show All Users: On,16560,,,,,,'CA 29. MJP naar Afdelingen',,"Final, Final - Toeslagen, Final  - Doorbelastingen"
CA 31. Toeslag Direct MJP,CALCULATION,"MJP Versions L2, SS - COEA - zonder AFD, SS Afdeling L5 - Budget Afdelingen, SS Rekeningcategorie - Toeslag Direct",Year,TR MJP,Not Applicable,New Line Items: Off,Show All Users: On,9150,,,,,,'CA 29. MJP naar Afdelingen',,"Toeslag MJP, Toeslag Budget, Toeslag Totaal Budget, % Budget, Overwrite?, % Overwrite, % Finaal, Toeslag Direct Finaal"
CA 32. Toeslag Indirect MJP,CALCULATION,"MJP Versions L2, SS - COEA - zonder AFD, SS Afdeling L5 - Budget Afdelingen",Year,TR MJP,Not Applicable,New Line Items: Off,Show All Users: On,135936,,,,,,"'└ CA 22a. Berekening toeslagen', '└ CA 22a. Berekening toeslagen - Copy', 'CA 29. MJP naar Afdelingen', 'CA 44. Inflatie Staging', 'CA 47. Toeslag Inflation Staging'",,"Magazijn toeslag %, Budget Materiaal, Budget Toeslagdragende kosten, Verhouding % Materiaal, Overwrite verhouding?, Overwrite verhouding %, Final verhouding %, MJP Materiaal, MJP - Magazijntoeslag, Inflatie - Magazijntoeslag %, Inflatie - MJP Materiaal, Inflatie - MJP Magazijntoeslag, Inflatie - Magazijntoeslag Inflatie %, OPSS Toeslag %, Budget UMD, Budget UMD OPSS, Verhouding % OPSS, Overwrite verhouding ?, Overwrite verhouding  %, Final verhouding  %, MJP Totex exclusief toeslagen, MJP - OPSS kosten, Inflatie - OPSS %, Inflatie - MJP Totex exclusief toeslagen, Inflatie - MJP OPSS kosten, Inflatie - OPSS Inflatie %, Indirecte toeslag %, Totex exclusief toeslagen, MJP - Indirecte toeslag, Inflatie - Indirecte toeslag%, Inflatie - Totex exclusief toeslagen, Inflatie - MJP indirecte toeslag, Inflatie - Indirecte toeslag inflatie %, Totaal indirecte toeslag, Inflatie - Totaal indirecte toeslag, Inflatie - Totaal indirecte toeslag inflatie %, -- Technical --, CF Overwrite verhouding? Magazijn Toeslag, CF verhouding % Magazijn Toeslag, CF Overwrite verhouding? OPSS, CF verhouding % OPSS, Totaal magazijntoeslagdragende magazijnkosten, Totaal OPSS toeslag kosten, Inflatie - Totaal magazijntoeslagdragende magazijnkosten, Inflatie - OPSS Toeslag kosten, --- CR Subloads ---, Totaal exclusief toeslagen (SL), Totaal  magazijndragende magazijnjosten (SL), Totaal OPSS toeslag kosten (SL), Inflatie - Totaal exclusief toeslagen (SL), Inflatie - Totaal magazijndragende magazijnkosten (SL), Inflatie - Totaal OPSS toeslag kosten (SL), Inflatie - Indirecte toeslag% (SL)"
CA 32xx. Toeslag Indirect MJP,CALCULATION,"MJP Versions L2, SS - COEA - zonder AFD, SS Afdeling L5 - Budget Afdelingen",Year,TR MJP,Not Applicable,New Line Items: Off,Show All Users: On,10368,Test mdoule,,,,,,,"OPS Support toeslag, Distrubution, Excluding inflation, Totex UMD, TOTEX for OPSS, Including, TOTEX including inflation, TOTEX for OPSS incl inflation"
CA 33. Toeslag indirect dekkings controle,CALCULATION,"MJP Versions L2, SS DB/TS - Toeslagen",Year,TR MJP,Not Applicable,New Line Items: Off,Show All Users: On,837,HV: Needed?,,,,,,,"Toegepaste TOTEX, Huidig %, Huidige dekking, Te dekken kosten, Delta, Benodigd %, Indirect Toeslag Dekking ex. Bedrijfsvoering"
CA 34. MJP naar thema's,CALCULATION,"MJP Versions L2, SIP Thema L3, Inflatie excl/incl, SS - COEA - zonder AFD, SS Afdeling L5 - Budget Afdelingen",Year,TR MJP,Not Applicable,New Line Items: Off,Show All Users: On,3859488,,,,,,"'CA 34. MJP naar thema''s - Meerjarig', '└CA 34a MJP thema''s voor RP 10 11 12', 'CA 62. MJP naar thema''s Opex/Capex'",,"COE, MJP Totaal tafel/thema, Allocatie Jaar 1, Allocatie vanuit SIP, Overwrite?, Overwrite, MJP naar thema's"
CA 34. MJP naar thema's - Meerjarig,CALCULATION,"MJP Versions L2, SIP Thema L3, Inflatie excl/incl, SS - COEA - zonder AFD, SS Afdeling L5 - Budget Afdelingen",Year,Model Calendar,Not Applicable,New Line Items: Off,Show All Users: On,5157180,HV: Needed?,,,,,,,"COE, MJP Totaal tafel/thema, Allocatie vanuit SIP, MJP naar thema's"
└CA 34a MJP thema's voor RP 10 11 12,CALCULATION,"MJP Versions L2, SIP Thema L3, SS - COEA - zonder AFD, SS Afdeling L5 - Budget Afdelingen",Year,TR MJP,Not Applicable,New Line Items: Off,Show All Users: On,342144,,,,,,"'└ RP 10a. MJP CAPEX - Specificatie', '└ RP 11a. MJP OPEX - Specificatie', '└ RP 12a. MJP Extern - Specificatie'",,"Waarde excl inflatie, Waarde incl inflatie"
CA 35. Monthly allocation thema L3 (aggregated),CALCULATION,"MJP Versions L2, SIP Thema L3, SS - COEA - zonder AFD, SS Afdeling L5 - Budget Afdelingen",Month,MJP BU TR,Not Applicable,New Line Items: Off,Show All Users: On,7154784,HV: Needed?,,,,,,,"Aggregated allocation UMDT, Aggregated allocation UMD"
└CA 35a. Monthly allocation Activity L4+,CALCULATION,"MJP Versions L2, SIP Activiteit L4 +, Dummy Maand, SS - COEA - zonder AFD, SS Afdeling L5 - Budget Afdelingen",Not Applicable,Not Applicable,Not Applicable,New Line Items: Off,Show All Users: On,15219660,,,,,,"'└CA 35b. Monthly allocation Activity L4+ to UMDT', 'CA 43. Materiaal Staging Activiteit L4+'",,"Collect LIS, Selected seizoenspatroon, Allocation key, Overwrite allocation, Overwrite Allocation (SUM), Dummy Summing Item, ---Technical---, CF Input"
└CA 35b. Monthly allocation Activity L4+ to UMDT,CALCULATION,"MJP Versions L2, SIP Activiteit L4 +, Dummy Maand, SS - COEA - zonder AFD, SS Afdeling L5 - Budget Afdelingen, LIS (CA 21) UMD - Activiteit L4+",Not Applicable,Not Applicable,Not Applicable,New Line Items: Off,Show All Users: On,68330304,,,,,,"'└CA 35c. Monthly allocation Activity L4+ to UMDT - Copy', '└CA 35g. Monthly allocation on thema L3'",,"Waarde, Allocated"
└CA 35c. Monthly allocation Activity L4+ to UMDT - Copy,CALCULATION,"MJP Versions L2, Activiteit_Kostenplaats, Dummy Maand, SS - COEA - zonder AFD, LIS (CA 21) UMD - Activiteit L4+",Not Applicable,Not Applicable,Not Applicable,New Line Items: Off,Show All Users: On,5459940,,,,,,"'└CA 16a. Controle UMD vs Thema', 'CA 38. Toeslagen GBR', 'CA 39. Other Rekeningcategorie GBR', '└ FI 07ae. User Filters - Suppress Zeroes CA 35c'",,"Allocation key, Allocated, <> 0?, ---Technical---, Allocation - Toeslag Indirect, Allocation - OPSS, Allocation -  Magazijntoeslag, Allocated Sum"
└CA 35d. Monthly allocation Thema L3++,CALCULATION,"MJP Versions L2, SIP Thema L3++, Dummy Maand, SS - COEA - zonder AFD, SS Afdeling L5 - Budget Afdelingen",Not Applicable,Not Applicable,Not Applicable,New Line Items: Off,Show All Users: On,2745204,,,,,,"'└CA 35e. Monthly allocation Thema L3++ to UMDT', 'CA 42. Materiaal Staging Thema L3++'",,"Collect LIS, Selected seizoenspatroon, Allocation key, Overwrite allocation, Overwrite Allocation (SUM), Dummy Summing Item, ---Technical---, CF Input"
└CA 35e. Monthly allocation Thema L3++ to UMDT,CALCULATION,"MJP Versions L2, SIP Thema L3++, Dummy Maand, SS - COEA - zonder AFD, SS Afdeling L5 - Budget Afdelingen, LIS (CA 23) UMD - Thema's L3 +",Not Applicable,Not Applicable,Not Applicable,New Line Items: Off,Show All Users: On,51260664,,,,,,"'└CA 35f. Monthly allocation Thema L3++ to UMDT  to KP', '└CA 35g. Monthly allocation on thema L3', '└ FI 07am. Suppress Zeroes CA 35e.'",,"Waarde, Allocated"
└CA 35f. Monthly allocation Thema L3++ to UMDT  to KP,CALCULATION,"MJP Versions L2, SIP Thema L3++, Dummy Maand, SS - COEA - zonder AFD, SS Kostenplaats L7 - Budget, LIS (CA 23) UMD - Thema's L3 +",Not Applicable,Not Applicable,Not Applicable,New Line Items: Off,Show All Users: On,183378816,,,,,,"'└CA 16a. Controle UMD vs Thema', 'CA 38. Toeslagen GBR', 'CA 39. Other Rekeningcategorie GBR'",,"Allocation key, Allocated, ---Technical---, Allocated Sum, Allocated - Toeslag Indirect, Allocated - Magazijntoeslag, Allocated - OPSS"
└CA 35g. Monthly allocation on thema L3,CALCULATION,"MJP Versions L2, SIP Thema L3, Dummy Maand, SS - COEA - zonder AFD, SS Afdeling L5 - Budget Afdelingen",Not Applicable,Not Applicable,Not Applicable,New Line Items: Off,Show All Users: On,4188375,HV: Needed?,,,,,,,"Activiteiten -> Thema L3, Thema L3++ -> Thema L3, Thema L3 totaal, Allocation key Activiteiten, Allocation key thema's, Activiteit (Inclusief inflatie), Thema (Inclusief inflatie), Thema L3 Totaal to months, Has value?"
CA 36. Doorbelastingen naar Maand,CALCULATION,"MJP Versions L2, DB/TS items, SS Kostenplaats L7 - Budget, SS - Account L12 - DB/TS",Month,MJP BU TR,Not Applicable,New Line Items: Off,Show All Users: On,17288640,,,,,,'CA 39. Other Rekeningcategorie GBR',,"Doorbelastingen, Doorbelastingen Totaal"
CA 37. IC naar GBR/KP,CALCULATION,"MJP Versions L2, SS - Account L12 - IC, SS Kostenplaats L7 - Budget",Month,MJP BU TR,Not Applicable,New Line Items: Off,Show All Users: On,1021656,,,,,,'CA 39. Other Rekeningcategorie GBR',,"Waarde (Versturend), Waarde (Ontvangend), Waarde totaal (Versturend + Ontvangend)"
CA 38. Toeslagen GBR,CALCULATION,"MJP Versions L2, COEA, Dummy Maand, SS Kostenplaats L7 - Budget, SS - Account L12 - DB/TS",Not Applicable,Not Applicable,Not Applicable,New Line Items: Off,Show All Users: On,13132104,,,,,,'CA 39. Other Rekeningcategorie GBR',,"Toeslag Indirect, Allocation Key - Toeslag Indirect, Allocation - Toeslag Indirect, ---Other Indirect---, Allocation L3 Magazijntoeslag, Allocation L3 OPSS, Allocated OPSS + Magazijntoeslag, OPSS + Magazijntoeslag (Dummy), ---Toeslag Direct---, Toeslag Direct Allocated, -- Receiving toeslagen --, Allocation key - Toeslagen indirect, Toeslag indirect naar soort, Toeslag indirect naar soort zonder afdeling, Receiving - Indirecte toeslag, Receiving - Magazijntoeslag, Receiving OPS Support"
CA 39. Other Rekeningcategorie GBR,CALCULATION,"MJP Versions L2, COEA, Dummy Maand, SS Kostenplaats L7 - Budget, SS - Account L12 - Allocation",Not Applicable,Not Applicable,Not Applicable,New Line Items: Off,Show All Users: On,39582720,,,,,,"'└ IP 10a. Verdeling naar grootboekrekening', '└ IP 10a NEW. Verdeling naar grootboekrekening', '└ IP 10d. Calculatie seizoenspatronen'",,"Doorbelasting, Toeslagen, Intracompany (IC), Thema, Activiteit, Personeelskosten, Total, ---Technical---"
CA 42. Materiaal Staging Thema L3++,CALCULATION,"MJP Versions L2, SIP Thema L3++, COEA, SS Afdeling L5 - Budget Afdelingen",Not Applicable,Not Applicable,Not Applicable,New Line Items: Off,Show All Users: On,21085792,,,,,,'CA 39. Other Rekeningcategorie GBR',,"Materiaal Magazijn, Materiaal Overig, KP Allocation Magazijn, KP Allocation Overig, Materiaal Magazijn Monthly, Materiaal Overig Monthly, Materiaal Magazijn zonder thema, Materiaal Overig zonder thema, L12 Allocation Magazijn, L12 Allocation Overig"
CA 43. Materiaal Staging Activiteit L4+,CALCULATION,"MJP Versions L2, SIP Activiteit L4 +, SS - COEA - zonder AFD, SS Afdeling L5 - Budget Afdelingen",Not Applicable,Not Applicable,Not Applicable,New Line Items: Off,Show All Users: On,53718336,,,,,,'CA 39. Other Rekeningcategorie GBR',,"Materiaal  - Magazijn, Materiaal  - Overig, KP Allocatie Magazijn, KP Allocatie Overig, Materiaal Magazijn Monthly, Materiaal Overig Monthly, materiaal magazijn zonder activiteit, materiaal overig zonder activiteit, L12 Allocatie Magazijn, L12 Allocatie Overig"
└ CA 47a. Versturende Toeslag Indirect Staging,CALCULATION,"MJP Versions L2, SS Afdeling L5 - Doorbelastingen en toeslagen, SS DB/TS - Toeslagen",Year,TR MJP,Not Applicable,New Line Items: Off,Show All Users: On,11745,,,,,,'CA 44. Inflatie Staging',,"Excl. Inflatie, Incl. Inflatie, Inflatie %"
CA 49. PY and CY actual drivers,CALCULATION,"MJP Versions L2, SS - Account L12 - Active",Not Applicable,Not Applicable,Not Applicable,New Line Items: Off,Show All Users: On,2232,,,,,,,,"PY Actuals, PY Actuals high level, CY Actuals, CY Actuals high level"
CA 48. Personeelskosten naar maand,CALCULATION,"MJP Versions L2, SS Kostenplaats L7 - Budget, SS - Account L12 - Allocation",Month,MJP BU TR,Not Applicable,New Line Items: Off,Show All Users: On,45184320,,,,,,'CA 39. Other Rekeningcategorie GBR',,"FTE gebonden kosten, Inleenkosten, Niet FTE gebonden kosten, Totale kosten, Totale Kosten Ex Niet FTE, ---Technical---, Seizoensverdeling % - Afdelingskosten"
CA 50. Monthly allocation key FSP,CALCULATION,"MJP Versions L2, COEA, Rekeningcategorie, Dummy Maand, SS Afdeling L5 - Budget Afdelingen",Not Applicable,Not Applicable,Not Applicable,New Line Items: Off,Show All Users: On,36864,,,,,,'CA 51. Monthly allocation 5 years',,Monthly allocation key (Budget)
CA 51. Monthly allocation 5 years,CALCULATION,"MJP Versions L2, COEA, Rekeningcategorie, SS Afdeling L5 - Budget Afdelingen",Month,TR MJP,Not Applicable,New Line Items: Off,Show All Users: On,663552,,,,,,'CA 61. Monthly allocation 5 years Opex/Capex',,"5 Years - Exlcusief inflatie, 5 Years - Inclusief inflatie"
CA 52. UMDT - Thema Regio EG,CALCULATION,"MJP Versions L2, SIP Thema L3++, Product, UMDT Items, SS - COEA - zonder AFD, SS Afdeling L5 - Budget Afdelingen",Not Applicable,Not Applicable,Not Applicable,New Line Items: Off,Show All Users: On,27775968,,,,,,'RP 15. UMDT - Afdeling E/G Regio OPEX',,"UMDT excl. inflatie Thema L3++, UMDT incl. inflatie Thema L3++, ---Technical---, OPEX Type, Regio"
CA 53. UMDT - Activiteit Regio EG,CALCULATION,"MJP Versions L2, SIP Activiteit L4 +, Product, UMDT Items, SS - COEA - zonder AFD, SS Afdeling L5 - Budget Afdelingen",Not Applicable,Not Applicable,Not Applicable,New Line Items: Off,Show All Users: On,193729536,,,,,,'RP 15. UMDT - Afdeling E/G Regio OPEX',,"UMDT excl. inflatie Activiteit L4+, UMDT incl. inflatie Activiteit L4+, ---Technical---, OPEX Type, Regio"
CA 54. Bezettingsresultaat en dekkingsgraad,CALCULATION,"MJP Versions L2, Inflatie excl/incl, Dummy Maand, SS Afdeling L5 - Budget Afdelingen",Not Applicable,Not Applicable,Not Applicable,New Line Items: Off,Show All Users: On,1058694,,,,,,,,"Afdelingskosten, - Niet cf. IAS16, Te dekken afdelingskosten, Dekking Uren, Dekking Toeslagen, Dekkingsresultaat, -, Bezetingsresultaat (naar CAPEX), --, CAPEX / TOTEX (UMD), TOTEX (UMD), CAPEX (UMD), ---Technical---, Exc Inflatie?, Unicode split to COEA, RC and Afdeling, Afdelingskosten totaal, Afdelingskosten Uren, Afdelingskosten Toeslagen, Afdelingskosten Overige UMDT, TOTEX UMD, CAPEX ex. Activering"
CA 55. Correctiefactor,CALCULATION,"MJP Versions L2, SS Afdeling L5 - OPS",Year,TR Budget 2026,Not Applicable,New Line Items: Off,Show All Users: On,48,,,,,,'IP 38. Loonkosten prestatiesoort',,"Personeelskosten, Vorige MJP Personeelskosten, Correctiefactor"
CA 56. Opslag per uur,CALCULATION,"MJP Versions L2, F2 Prestatiesoorten, SS Afdeling L5 - OPS, LIS (CA 24) kostencategorieen voor uurtarieven v2",Year,TR Budget 2026,Not Applicable,New Line Items: Off,Show All Users: On,388848,vMR,,,,,"'IP 39. Dekking % Prestatiesoorten', 'CA 57. Uurtarief Afdeling', 'CA 58. Uurtarief Subafdeling'",,"Totaal dekking uren, Totaal productieve uren, Opslag per uur, -- Technical --, Calc -Totale dekking uren, Calc -Totale productieve uren, Calc -Opslag per uur, Calc -Totaal Opslag per uur"
CA 57. Uurtarief Afdeling,CALCULATION,"MJP Versions L2, Support list #50, SS Afdeling L5 - OPS",Year,TR Budget 2026,Not Applicable,New Line Items: Off,Show All Users: On,14918,LM,,,,,'EX 08. Uurtarief export to Data Hub Afdeling',,"Prestatiesoort, Loonkosten FTE, Opslag per uur, Uurtarief Budget, Gedekte FTE's, Productieve uren, Totaal gegenereerde dekking, TECH, Uurtarief budget in prestatiesoort"
└CA 57a. Productieve uren,CALCULATION,"MJP Versions L2, F2 Prestatiesoorten, SS Afdeling L5 - OPS",Year,TR Budget 2026,Not Applicable,New Line Items: Off,Show All Users: On,2608,,,,,,"'CA 57. Uurtarief Afdeling', 'CA 58. Uurtarief Subafdeling'",,Productieve uren
CA 58. Uurtarief Subafdeling,CALCULATION,"MJP Versions L2, Subafdeling L6, F2 Prestatiesoorten",Year,TR Budget 2026,Not Applicable,New Line Items: Off,Show All Users: On,1761386,,,,,,'EX 07. Uurtarief export to Data Hub Subafdeling',,"Loonkosten FTE, Opslag per uur, Uurtarief Budget, Gedekte FTE's, Productieve uren, Totaal gegenereerde dekking"
CA 59. IKT,CALCULATION,"MJP Versions L2, IKT items",Month,TR MJP,Not Applicable,New Line Items: Off,Show All Users: On,7020,,,,,,,,"Prijs, Bruto Volume, Netto Volume, Kosten (P*Netto Q)"
CA 60. Netverliezen Allocatie,CALCULATION,"MJP Versions L2, Product, Dummy Maand",Not Applicable,Not Applicable,Not Applicable,New Line Items: Off,Show All Users: On,156,,,,,,'└EX 01a. Export netverliezen to FSP',,Netverliezen Allocatie (%)
CA 61. Monthly allocation 5 years Opex/Capex,CALCULATION,"MJP Versions L2, OPEX CAPEX, Rekeningcategorie, SS Afdeling L5 - Budget Afdelingen",Month,TR MJP,Not Applicable,New Line Items: Off,Show All Users: On,663552,,,,,,'EX 01. Export plan to FSP',,"5 Years - Exlcusief inflatie, 5 Years - Inclusief inflatie"
CA 62. MJP naar thema's Opex/Capex,CALCULATION,"MJP Versions L2, SIP Thema L3, Inflatie excl/incl, OPEX CAPEX, SS Afdeling L5 - Budget Afdelingen",Year,TR MJP,Not Applicable,New Line Items: Off,Show All Users: On,1547910,,,,,,'└EX 01d. Export Tafel/Thema to FSP',,MJP naar thema's
CA 99. Samenvatting,CALCULATION,"MJP Versions L2, COEA, Import Scenario, SS Afdeling L5 - Budget Afdelingen",Year,TR MJP,Not Applicable,New Line Items: Off,Show All Users: On,184320,,,,,,,,"FTE, Intern, Extern, Afdelingkosten, Omzet (A), Personeelskosten (A), Uren (A), Doorbelastingen (A), Diensten Derden (A), Materiaal (A), Overige Kosten (A), IC (A), niet cf IAS 16, UMD, Omzet, Uren, Materialen, Diensten derden, Toeslagen"
⠀⠀⠀       ◼️ Inflation Modules,,,Not Applicable,Not Applicable,Not Applicable,New Line Items: Off,Show All Users: On,0,,,,,,,,
DA 04. Parameters FSP,INFLATION MODULES,MJP Versions L2,Year,Model Calendar,Not Applicable,New Line Items: Off,Show All Users: On,1494,HV: Load from DH (old). Remove connection and make input module.,,,,,"'CA 06. FTE kosten MJP', 'CA 24. MJP Kosten uren uitvoeringskosten', 'DA 03. Inflatie', '└DA 03a. Inflatie (cumulatief)', 'CA XX. Inflatie Staging UMD', 'CA 44. Inflatie Staging'",5.1 Parameters,"Summary, 1. Generiek, Cash - lopende buffer, VPB Percentage, Dividend %, 2. Inflatie Algemeen, Inflatie algemeen (CPI), Inflatie materiaal, Inflatie diensten derden, 3. Inflatie lonen, A) CAO stijging %, Looninflatie Gebonden Kosten, Percentage verhoging (%), Ingaand per, B) Effectieve stijging jaar op jaar (%), Performance management CAO en Functiecontracten, Percentage verhoging I (%), Ingaand per april, C) Effectieve stijging jaar op jaar (%), Extra verlofdagen 4,5 dag CAO contracten, D) Percentage verhoging (%), Looninflatie, CAO contracten - aandeel van totaal (%), CAO contracten - looninflatie (A+B+C), Functiecontracten - aandeel van totaal (%), Functiecontracten - looninflatie (B), E) Looninflatie gebonden kosten (gew. gemiddelde stijging), 4. Summary - Cumulatief, Inflatie algemeen (CPI) - cumulatief, Inflatie onderaannemers (GSR) - cumulatief, Looninflatie Gebonden Kosten - cumulatief, Inflatie materiaal - cumulatief, Format"
DA 03. Inflatie,INFLATION MODULES,"MJP Versions L2, LIS (DA 04) Parameters inflatie",Year,Model Calendar,Not Applicable,New Line Items: Off,Show All Users: On,504,,,,,,"'IP 02. IAS16 kosten (cumulatief)', '└ IP 16b. Invoer DB/TS Inflatie'",,"Inflatie collect, Inflatie"
└DA 03a. Inflatie (cumulatief),INFLATION MODULES,"MJP Versions L2, LIS (DA 04) Parameters Inflatie (cumulative)",Year,TR 20 Y,Not Applicable,New Line Items: Off,Show All Users: On,252,,,,,,"'IP 02. IAS16 kosten (cumulatief)', '└ IP 16b. Invoer DB/TS Inflatie', '└DA 03b. Inflatie ( Merge)'",,Inflatie
└DA 03b. Inflatie ( Merge),INFLATION MODULES,"Kostensoort, MJP Versions L2",Year,TR 20 Y,Not Applicable,New Line Items: Off,Show All Users: On,588,HV: Published in 6.2,,,,,,,"Inflatie, Inflatie YOY"
CA XX. Inflatie Staging UMD,INFLATION MODULES,"MJP Versions L2, COEA, SS Afdeling L5 - Budget Afdelingen",Year,TR MJP,Not Applicable,New Line Items: Off,Show All Users: On,13824,,,,,,'CA 32xx. Toeslag Indirect MJP',,"TOTEX UMD excl inflation, Inflatie Calcs, Uren incl inflation, Materiaal incl inflation, Dienste Derden incl inflation, TOTEX UMD incl inflation, Weighted Inflatie, Avg Inflation TOTEX UMD"
CA 40. BAK Inflatie + Meerjarig,INFLATION MODULES,"MJP Versions L2, SS OPEX-CAPEX - BAK, SS Afdeling L5 - Budget Afdelingen",Year,TR 20 Y,Not Applicable,New Line Items: Off,Show All Users: On,55566,> Inflation,,,,,"'EX 01. Export plan to FSP', '└EX 01a. Export plan to FSP - BAK'",,"Exclusief inflatie, Gemiddelde inflatie, Inclusief inflatie, Groei percentage SIP, Incrementale inflatie, BAK inclusief groei + infaltie"
CA 41. Netverder Inflatie,INFLATION MODULES,"MJP Versions L2, Inflatie excl/incl",Year,TR 20 Y,Not Applicable,New Line Items: Off,Show All Users: On,672,> Inflation,,,,,"'└CA 41a. Netverder Inflatie - Naar rekeningcategori', '└EX 01a. Export plan to FSP - BAK'",,"Gemiddelfde inflatie CAPEX, Gemiddelde inflatie OPEX, OPEX, Kosten, Omzet, CAPEX, Bruto CAPEX, BAK, Subsidie, Totaal BAK"
└CA 41a. Netverder Inflatie - Naar rekeningcategori,INFLATION MODULES,"MJP Versions L2, COEA, Inflatie excl/incl, LIS (CA 29) MJP",Year,TR 20 Y,Not Applicable,New Line Items: Off,Show All Users: On,109221,> Inflation,,,,,'EX xx. Export plan to FSP',,"MJP Totaal, MJP Netverder, Totaal OPEX naar OEA, Totaal OPEX, Verdeling OPEX, Totaal CAPEX naar C, Totaal CAPEX, Verdeling CAPEX, OPEX, OPEX Totaal, Kosten, Omzet, CAPEX, Bruto CAPEX, Totaal netverder"
CA 44. Inflatie Staging,INFLATION MODULES,"MJP Versions L2, SS Afdeling L5 - Budget Afdelingen, COEA, Rekeningcategorie",Year,TR MJP,Not Applicable,New Line Items: Off,Show All Users: On,27648,> Inflation. HV: Why is this not in CA 46?,,,,,"'└ IP 10d. Calculatie seizoenspatronen', '└ CA 21c. UMDT + Inflatie (L4+)', '└ CA 23c. UMDT + Inflatie (L3+)', 'CA 46 Cost + Inflatie', 'EX 06. Export inflatie to Datahub'",,Inflatie
CA 45. Doorbelasting inflatie staging,INFLATION MODULES,"MJP Versions L2, SS Afdeling L5 - Doorbelastingen en toeslagen, SS DB/TS - Doorbelastingen, SS - Account L12 - DB/TS",Year,TR MJP,Not Applicable,New Line Items: Off,Show All Users: On,493290,> Inflation,,,,,'└ IP 10d. Calculatie seizoenspatronen',,"Exclusief inflatie, Inclusief inflatie, Exclusief inflatie - GBR, Inclusief inflatie - GBR, Inflatie %"
CA 46 Cost + Inflatie,INFLATION MODULES,"MJP Versions L2, SS Afdeling L5 - Budget Afdelingen, COEA, Rekeningcategorie",Year,TR MJP,Not Applicable,New Line Items: Off,Show All Users: On,257985,> Inflation,,,,,"'CA 50. Monthly allocation key FSP', 'CA 51. Monthly allocation 5 years', 'RP 16. MJP Inflatie', 'RP 16 NEW. MJP Inflatie', 'RP 21. COEA Versie Variance Totals', 'RP 22. COEA Versie Variance'",,"Kosten exclusief inflatie, Inflatie, Kosten inclusief inflatie"
CA 47. Toeslag Inflation Staging,INFLATION MODULES,"MJP Versions L2, SS Afdeling L5 - Budget Afdelingen, SS DB/TS - Toeslagen, SS - Account L12 - DB/TS",Year,TR MJP,Not Applicable,New Line Items: Off,Show All Users: On,277830,> Inflation,,,,,'└ IP 10d. Calculatie seizoenspatronen',,Toeslag Inflatie
⠀⠀⠀       ◼️ Reporting Modules,,,Not Applicable,Not Applicable,Not Applicable,New Line Items: Off,Show All Users: On,0,,,,,,,,
RP 01. IC output,OUTPUT,"MJP Versions L2, SS IC Afdelingen - Selectie, SS Afdeling L5 - IC",Month,TR MJP,Not Applicable,New Line Items: Off,Show All Users: On,876096,,,,,,"'IP 25.  IC allocation naar kostenplaats', 'CA 19. Rekeningcategorie Allocatie', 'CA 24. MJP Kosten uren uitvoeringskosten', 'CA 29. MJP naar Afdelingen'",,"Versturend, Ontvanged, Totaal overview, - Technical -, Export to CA 19, Conditional formatting"
RP 03. DB / TS Overview,OUTPUT,"MJP Versions L2, DB/TS items, Inflatie excl/incl, SS Afdeling L5 - Doorbelastingen en toeslagen",Year,TR MJP inclusief totaal,Not Applicable,New Line Items: Off,Show All Users: On,80475,,,,,,'EX 05. DB/TS export to AACxUMD',,"#, %, Filter"
RP 06. samenvatting MJP,OUTPUT,"MJP Versions L2, Import Scenario, SS Afdeling L5 - Budget Afdelingen",Year,TR MJP,Not Applicable,New Line Items: Off,Show All Users: On,174636,,,,,,"'IP 31. Netverder', '└ RP 06b. Variantie Analyse', '└ RP 06c.TOTEX Analyse'",,"Afdelingsresultaat (EBITDA), Omzet, Personeelskosten, Uren & Toeslagen (OE), Uren & Toeslagen (A), IC en Doorbelastingen, Materialen (ex CAPEX), Diensten derden (ex CAPEX), Overige kosten, -, TOTEX, CAPEX, OPEX, EXTERN, CAGR (YoY % ), --, Bijdrage aansluitkosten (BAK), CAPEX BAK, OPEX BAK, ---, KPI's:, EBITDA (incl. inflatie), TOTEX (incl inflatie), Formatie, Gemiddelde kosten / FTE, Uren schrijvende FTE"
└ RP 06a. samenvatting COEA,OUTPUT,"MJP Versions L2, COEA, Import Scenario, SS Afdeling L5 - Budget Afdelingen",Not Applicable,Not Applicable,Not Applicable,New Line Items: Off,Show All Users: On,61740,,,,,,,,"Activering, Omzet, Uren, Materiaal, Diensten Derden, Toeslag Direct, Toeslag Indirect, Personeel, Doorbelastingen, Overige Kosten, IC, Resultaat, niet cf IAS 16, Resultaat excl. IAS 16"
└ RP 06b. Variantie Analyse,OUTPUT,"MJP Versions L2, Import Scenario, SS Afdeling L5 - Budget Afdelingen, LIS (RP 06) Samenvatting MJP",Year,TR MJP,Not Applicable,New Line Items: Off,Show All Users: On,1500300,Calculation split because of differences between ex/inc inflation YoY %. Combined again in Value and YoY Growth,,,,,,,"Collect ex Inflation, Collect inc Inflation, Final Value ex Inflation, Final Value inc Inflation, YoY Growth ex inflation, YoY Growth inc inflation, Value, YoY Growth Rate (%), ---Technical---, CF, Collect based on show [OLD], Final value with scenario [OLD], YoY Growth Rate (%)  with scenario [OLD], Final Value [OLD], YoY Growth Rate (%) [OLD], Growth Rate target (TBD) [OLD]"
└ RP 06c.TOTEX Analyse,OUTPUT,"MJP Versions L2, COEA, Inflatie excl/incl, SS Afdeling L5 - Budget Afdelingen",Year,TR MJP,Not Applicable,New Line Items: Off,Show All Users: On,79380,,,,,,,,"MJP, SIP, YoY MJP Groei, YoY SIP Groei, Delta, CF"
RP 07. formatie ontwikkeling,OUTPUT,"MJP Versions L2, Import Scenario, SS Afdeling L5 - Budget Afdelingen",Month,TR MJP,Not Applicable,New Line Items: Off,Show All Users: On,309582,,,,,,'└ RP 07a. Variantie Analyse',,"Totaal, Intern, Extern"
└ RP 07a. Variantie Analyse,OUTPUT,"MJP Versions L2, Import Scenario, SS Afdeling L5 - Budget Afdelingen, LIS (RP 07) Formatieontwikkeling",Month,MJP BU TR,Not Applicable,New Line Items: Off,Show All Users: On,460320,,,,,,,,"Collect based on show, Final value with scenario, YoY Growth Rate (%)  with scenario, Final Value, YoY Growth Rate (%), Growth Rate target (TBD), CF"
RP 08. Formatie MJP,OUTPUT,"MJP Versions L2, Import Scenario, SS Afdeling L5 - Budget Afdelingen",Year,TR MJP,Not Applicable,New Line Items: Off,Show All Users: On,114012,,,,,,"'CA 14. FTE Versie Variance', 'RP 06. samenvatting MJP', '└ RP 08a. Variantie Analyse', 'RP 10 MJP CAPEX - UMD', 'RP 11. MJP OPEX - UMD', 'RP 24. FTE Versie Variance Totals'",,"Formatie, Intern FTE, Extern FTE, extern/totaal, -, Personeelskosten (k€), Gemiddelde FTE, Gemiddelde kosten / FTE, Intern (k€), -Gemiddelde FTE, intern/FTE, Extern (k€), .Gemiddelde FTE, extern/FTE, --, Urenschrijvend FTE, Kritische functies"
└ RP 08a. Variantie Analyse,OUTPUT,"MJP Versions L2, Import Scenario, SS Afdeling L5 - Budget Afdelingen, LIS (RP 08) Formatie MJP",Year,TR MJP,Not Applicable,New Line Items: Off,Show All Users: On,448497,,,,,,,,"Collect based on show, Final value with scenario, YoY Growth Rate (%)  with scenario, Final Value, YoY Growth Rate (%), SIP totex groei 50%, ---Technical---, CF"
RP 09. Afdelingskosten,OUTPUT,"MJP Versions L2, Import Scenario, SS Afdeling L5 - Budget Afdelingen",Year,TR MJP,Not Applicable,New Line Items: Off,Show All Users: On,111132,,,,,,"'IP 31. Netverder', 'RP 06. samenvatting MJP', '└ RP 06c.TOTEX Analyse'",,"Afdelingskosten, Omzet, Dekking U&T, Uren (A), Toeslag Direct (A), Toeslag Indirect (A), Personeelskosten, Doorbelastingen, Diensten Derden, Materiaal, Overige Kosten, IC, -, KPI, niet cf IAS 16, Resultaat (incl. inflatie)"
RP 10 MJP CAPEX - UMD,OUTPUT,"MJP Versions L2, Import Scenario, SS Afdeling L5 - Budget Afdelingen",Year,TR 20 Y,Not Applicable,New Line Items: Off,Show All Users: On,168336,,,,,,"'IP 31. Netverder', 'RP 06. samenvatting MJP'",,"CAPEX, Omzet, Uren, Materialen, Diensten derden, Toeslagen, -, KPI's, Capex (inc. inflatie), Directe FTE, -- technical --, Toeslagen direct, Toeslagen indirect, TOTEX"
└ RP 10a. MJP CAPEX - Specificatie,OUTPUT,"MJP Versions L2, Import Scenario, SS Afdeling L5 - Budget Afdelingen",Year,Model Calendar,Not Applicable,New Line Items: Off,Show All Users: On,518616,,,,,,'└ RP 10a. MJP CAPEX - LIS Based',,"SIP Maakbare variant, CAPEX, Netgedreven, Capaciteit, Hoogspanning, Middenspanning, Laagspanning, Druk Cap, Overig Cap, Kwaliteit, Elektriciteit, Gas, Overig kwal, Klantgedreven, Large connections, Reconstructions, Network Expansion, Verwijderen, Metergedreven, Telecom, Overig, Netverder, Infradock, Utility Connect, Supply Chain, IT, Rente activering, Overig CAPEX"
└ RP 10a. MJP CAPEX - LIS Based,OUTPUT,"MJP Versions L2, Import Scenario, SS Afdeling L5 - Budget Afdelingen, LIS (RP 10a) capex mapping Themas L3",Year,Model Calendar,Not Applicable,New Line Items: Off,Show All Users: On,1037232,,,,,,'└ FI 07ah. User Filters - Suppress Zeroes CAPEX',,"Item, Collect"
RP 11. MJP OPEX - UMD,OUTPUT,"MJP Versions L2, Import Scenario, SS Afdeling L5 - Budget Afdelingen",Year,TR 20 Y,Not Applicable,New Line Items: Off,Show All Users: On,151452,,,,,,"'IP 31. Netverder', 'RP 06. samenvatting MJP'",,"OPEX, Omzet, Uren, Materialen, Diensten derden, Toeslagen, -, OPEX ex omzet, KPI's:, Opex (incl. inflatie), Urenschrijvend FTE, --- technical ---, Toeslag direct, Toeslag indirect, TOTEX"
└ RP 11a. MJP OPEX - Specificatie,OUTPUT,"MJP Versions L2, Import Scenario, SS Afdeling L5 - Budget Afdelingen",Year,Model Calendar,Not Applicable,New Line Items: Off,Show All Users: On,370440,,,,,,'└ RP 11a. MJP OPEX - LIS Based',,"SIP Maakbare variant, OPEX, Netgedreven, Capaciteit, Hoogspanning, Middenspanning, Laagspanning, Druk Cap, Overig Cap, Kwaliteit, Elektriciteit, Gas, Overig Kwal, Verwijderen, Klantgedreven, Large connections, Reconstructions, Network Expansion, Metergedreven, Overig"
└ RP 11a. MJP OPEX - LIS Based,OUTPUT,"MJP Versions L2, Import Scenario, SS Afdeling L5 - Budget Afdelingen, LIS (RP11a) OPEX - Specificatie",Year,Model Calendar,Not Applicable,New Line Items: Off,Show All Users: On,740880,,,,,,'└ FI 07ag. User Filters - Suppress Zeroes OPEX',,"ITEM, Collect"
RP 12. MJP EXTERN - UMD,OUTPUT,"MJP Versions L2, Import Scenario, SS Afdeling L5 - Budget Afdelingen",Year,Model Calendar,Not Applicable,New Line Items: Off,Show All Users: On,163254,,,,,,'RP 06. samenvatting MJP',,"EXTERN, Omzet, Uren, Materialen, Diensten derden, Toeslagen, -, KPI's, Extern (incl. inflatie), --- terchnical ---, Toeslag direct, Toeslag indirect, TOTEX"
└ RP 12a. MJP Extern - Specificatie,OUTPUT,"MJP Versions L2, Import Scenario, SS Afdeling L5 - Budget Afdelingen",Year,Model Calendar,Not Applicable,New Line Items: Off,Show All Users: On,37044,,,,,,,,"Extern, Overig"
RP 13. UMDT - Afdeling,OUTPUT,"MJP Versions L2, SIP Thema L3, UMDT Items, SS - COEA - zonder AFD, SS Afdeling L5 - Budget Afdelingen",Not Applicable,Not Applicable,Not Applicable,New Line Items: Off,Show All Users: On,3036709,,,,,,"'CA 34. MJP naar thema''s', '└ FI 07ad. User Filters - Suppress Zeroes RP13'",,"UMD excl. Inflatie, Inflatie, UMD incl. Inflatie, ---Technical---, Afdeling Filter, Thema Filter, UMD excl. inflatie <> 0"
RP 15. UMDT - Afdeling E/G Regio OPEX,OUTPUT,"MJP Versions L2, SIP Thema L3, Inflatie excl/incl, OPEX Type, Product, Regio, UMDT Items, SS - COEA - zonder AFD, SS Afdeling L5 - Budget Afdelingen",Not Applicable,Not Applicable,Not Applicable,New Line Items: Off,Show All Users: On,327685033,,,,,,'└ FI 07aj. User Filters - Suppress Zeroes RP15',,"UMD excl. Inflatie, UMD incl. Inflatie, UMDT, ---Technical---, Afdeling Filter, Thema Filter, UMD excl. inflatie <> 0"
RP 14. UMDT - Kostenplaats,OUTPUT,"MJP Versions L2, SIP Thema L3, SS - COEA - zonder AFD, SS Kostenplaats L7 - Budget",Not Applicable,Not Applicable,Not Applicable,New Line Items: Off,Show All Users: On,4904802,,,,,,'└ FI 07ac. User Filters - Suppress Zeroes RP14',,"Totaal UMDT, Q, Uren, Materiaal, Diensten Derden, TS - Direct, TS - Indirect, ---Technical---, Afdeling"
RP 16. MJP Inflatie,OUTPUT,"MJP Versions L2, COEA, SS Afdeling L5 - Budget Afdelingen, LIS (CA 29) MJP",Year,TR MJP,Not Applicable,New Line Items: Off,Show All Users: On,360252,,,,,,"'└CA 00a. SIP- Delta Analyse', 'CA 01. SIP - continued', 'CA 32. Toeslag Indirect MJP', 'CA 34. MJP naar thema''s', 'CA 99. Samenvatting', 'CA 40. BAK Inflatie + Meerjarig', 'CA 41. Netverder Inflatie', 'RP 06. samenvatting MJP', '└ RP 06a. samenvatting COEA', 'RP 08. Formatie MJP', 'RP 09. Afdelingskosten', 'RP 10 MJP CAPEX - UMD', 'RP 11. MJP OPEX - UMD', 'RP 12. MJP EXTERN - UMD', 'EX 06. Export inflatie to Datahub', 'EX xx. Export plan to FSP'",,"MJP excl. inflatie, Inflatie, MJP incl. inflatie, -- Technical --, MJP ex activering, Dashboarding, CAPEX Dashboarding, TOTAL dashboarding, TOTEX Dashboarding, EBITDA Dashbaording, Totex exclusief toeslagen, Inflatie YoY, Average inflation"
RP 16 NEW. MJP Inflatie,OUTPUT,"MJP Versions L2, SS Afdeling L5 - Budget Afdelingen, COEA, Rekeningcategorie",Year,TR MJP,Not Applicable,New Line Items: Off,Show All Users: On,199638,,,,,,'CA 07. Variante SIP/MJP',,"MJP excl. inflatie, Inflatie, MJP incl. inflatie"
RP 17. KPI Waarde report creation,,"MJP Versions L2, SS Afdeling L5 - Budget Afdelingen, Import Scenario, Support list #50",Year,TR MJP,Not Applicable,New Line Items: Off,Show All Users: On,304000,,,,,,,,"KPI, Waarde, ---Technical---, CF - Randvoorwaarde"
RP 25. Leenmonteur overview,OUTPUT,"MJP Versions L2, SS IC Afdelingen - Leenmonteurs, SS Afdeling L5 - OPS",Year,TR MJP,Not Applicable,New Line Items: Off,Show All Users: On,5697,,,,,,,,"Dekkingswaarde Versturend, Dekkingswaarde Ontvangend, Dekkingswaarde, Uren Ontvangend, Uren Versturend, Uren, ---Technical---, Format"
RP 18. KPI Waarde over years,OUTPUT,"MJP Versions L2, KPI_Afdeling, Import Scenario",Year,TR MJP,Not Applicable,New Line Items: Off,Show All Users: On,198030,,,,,,'└ RP 18a. Powerpoint KPI''s Waarde',,"KPI naam, Eenheid, Frequentie, Categorie L1, Categorie L2, Waarde, Afdeling, Afdeling filter"
└ RP 18a. Powerpoint KPI's Waarde,OUTPUT,"MJP Versions L2, Dummy Afdelingen, KPI_Afdeling, Import Scenario",Year,TR MJP,Not Applicable,New Line Items: Off,Show All Users: On,3847602,,,,,,,,"Waarde, -- Technical --, Show in PPT?, Afdeling?, Show?"
└ RP 18b. Powerpoint KPI's Master Data,OUTPUT,"MJP Versions L2, Dummy Afdelingen, KPI_Afdeling",Not Applicable,Not Applicable,Not Applicable,New Line Items: Off,Show All Users: On,669120,,,,,,,,"KPI naam, Groepering L1, Groepering L2, Eenheid, Omschrijving, -- Technical --, Show in PPT?, Afdeling?, Count, Counter, Page#, PPT Page"
RP 19. Risico & Kansen,OUTPUT,"MJP Versions L2, Dummy Afdelingen, Risico & Kansen items, Risico & Kansen soort",Not Applicable,Not Applicable,Not Applicable,New Line Items: Off,Show All Users: On,448119,,,,,,,,"R&K Soort, € / FTE, Omschrijving, Kostensoort, Jaar, Kans berekening ?, Kans, Invoer, Totaal minder, Budget, Totaal meer, Format input, Has value?, Afdeling Filter"
RP 20. COEA tabel per kostenplaats,OUTPUT,"MJP Versions L2, COEA, SS Kostenplaats L7 - Budget, SS Rekeningcategorie - excl. IAS 16",Month,MJP BU TR,Not Applicable,New Line Items: Off,Show All Users: On,10352160,,,,,,,,"Waarde, Waarde inclusief inflatie"
RP 26. Calculatie seizoenspatronen Totaal,OUTPUT,"Users, MJP Versions L2, Uni-code COEA-MJP-ACC",Month,MJP BU TR,Not Applicable,New Line Items: Off,Show All Users: On,55546920,,,,,,,,Full Year Waarde
RP 29. P&L Overzicht,OUTPUT,"MJP Versions L2, Inflatie excl/incl, Rekeningcategorie, SS Afdeling L5 - Budget Afdelingen, SS - COEA - P&L",Month,MJP BU TR,Not Applicable,New Line Items: Off,Show All Users: On,1031448,,,,,,'└ FI 07al. User Filters - Suppress Zeroes RP 29',,"Totaal, ---Technical---, Exc. Inflatie?, Waarde <> 0?"
⠀⠀⠀       ◼️ Controle modules,,,Not Applicable,Not Applicable,Not Applicable,New Line Items: Off,Show All Users: On,0,,,,,,,,
RP 21. COEA Versie Variance Totals,OUTPUT,"Users, COEA, SS Afdeling L5 - Budget Afdelingen",Not Applicable,Not Applicable,Not Applicable,New Line Items: Off,Show All Users: On,81095,HV: Ex CA 13. Replaced table 1 in page 9.4,,,,,,,"Versie 1, Versie 2, Δ, Δ %, --- Technical ---, Waarde startjaar exclusief inflatie, Waarde startjaar inclusief inflatie, CF Δ Totaal"
RP 22. COEA Versie Variance,OUTPUT,"Users, COEA, Rekeningcategorie",Not Applicable,Not Applicable,Not Applicable,New Line Items: Off,Show All Users: On,21515,HV: Ex CA 13. Replaced table 2 in page 9.4,,,,,,,"Versie 1, Versie 2, Δ, Δ%, --- Technical ---, Waarde startjaar exclusief inflatie, Waarde startjaar inclusief inflatie, CF Δ"
RP 23. Controle Dekking Uren,OUTPUT,"MJP Versions L2, Rekeningcategorie, SS Afdeling L5 - Budget Afdelingen",Month,TR MJP,Not Applicable,New Line Items: Off,Show All Users: On,1393119,HV: Ex CA 16. Replaced in 9.2,,,,,,,"OPEX, CAPEX, EXTERN, TOTEX, Δ, Afdelingskosten, Totaal Leenmonteurs, Δ incl Leenmonteurs, --- TECHNICAL ---, Leenmonteurs"
RP 24. FTE Versie Variance Totals,OUTPUT,"Users, FTE Type L2, Import Scenario, SS Afdeling L5 - Budget Afdelingen",Not Applicable,Not Applicable,Not Applicable,New Line Items: Off,Show All Users: On,330088,,,,,,,,"Versie 1, Versie 2, Δ, Δ %, ---Technical---, FTE startjaar, CF Δ"
RP 27. Check report overview,OUTPUT,"MJP Versions L2, SS Afdeling L5 - Budget Afdelingen",Not Applicable,Not Applicable,Not Applicable,New Line Items: Off,Show All Users: On,2190,,,,,,,,"Maandelijkse verdeling binnen bounds?, Uitvoeringskosten (Wel/Niet gevuld), Uren (Totaal beschikbare uren), UMD allocatie Thema, UMD allocatie Activiteit, UMD (Niet gealloceerd), IC (Aantal niet gevulde IC), Kostenplaats (Niet gealloceerd), GBR allocatie (Niet gealloceerd), Maand allocatie (Niet gealloceerd), KPI FY (Aantal niet gevuld), KPI Maand (Aantal niet gevuld), Tarieven en directe toeslagen gevuld?, Totaal controle, Volledigheid, Totaal Kostenplaats (Niet Gealloceerd), ---Technical---, Uitvoeringskosten Dummy, Afwijking Euro, CF Maandelijkse Verdeling, CF Uren, CF Uitvoeringskosten, CF IC, CF UMD, CF Kostenplaats, CF GBR, CF Maand, CF KPI FY, CF KPI Maand, CF Tarieven en toeslagen"
RP 30. Controle DB en TS,OUTPUT,"MJP Versions L2, Inflatie excl/incl, Rekeningcategorie, SS Afdeling L5 - Doorbelastingen en toeslagen, SS - Account L12 - DB/TS",Month,MJP BU TR,Not Applicable,New Line Items: Off,Show All Users: On,4597776,,,,,,,,"Waarde, ---Technical---, Exc. Inflatie?"
RP 28. Controle Volledigheid GBR/Maand,OUTPUT,"MJP Versions L2, COEA, Rekeningcategorie, SS Kostenplaats L7 - Budget",Not Applicable,Not Applicable,Not Applicable,New Line Items: Off,Show All Users: On,510829,,,,,,,,"--- Grootboekrekening ---, Nog te verdelen Grootboekrekening, Grootboekrekening, CF Grootboekrekening, --- Maanden ---, Nog te verdelen Maanden, Maanden, CF Maanden, --- Technical ---, Afwijking"
⠀⠀⠀       ◼️  Filter Modules,,,Not Applicable,Not Applicable,Not Applicable,New Line Items: Off,Show All Users: On,0,,,,,,,,
FI 03. User Filter Years II,DELETE,"Users, MJP Versions L2",Year,TR Model calendar + Total periods,Not Applicable,New Line Items: Off,Show All Users: On,24440,,,,,,,,"Show?, Count, Count from start year, Dynamische tijdrange"
FI.05. Filter Input MJP,DELETE,MJP Versions L2,Year,Model Calendar,Not Applicable,New Line Items: Off,Show All Users: On,168,,,,,,,,"Budget Year, MJP Years, Filter Input, Filter Output"
FI 06. Filter Version,DELETE,MJP Versions L2,Not Applicable,Not Applicable,Not Applicable,New Line Items: Off,Show All Users: On,4,,,,,,,,"Version BWM?, Show Version?"
└ FI 06a. Select Versie BWM,DELETE,,Not Applicable,Not Applicable,Not Applicable,New Line Items: Off,Show All Users: On,3,,,,,,,"5.2 Versie Control, 7.0 Export BWM","Format, Selecteer BWM Export versie, Selecteer FSP versie SIP Import"
FI 10. Activiteit L4 + > Afdelingen,DELETE,"MJP Versions L2, SIP Activiteit L4 +, SS Afdeling L5 - Budget Afdelingen",Not Applicable,Not Applicable,Not Applicable,New Line Items: Off,Show All Users: On,492156,,,,,,,,Afdeling
FI 01. Filter no dimensions,SYSTEM,,Not Applicable,Not Applicable,Not Applicable,New Line Items: Off,Show All Users: On,5,Delete?,,,,,"'MA 08. Acount L12 aggregation mapping', 'MA 09. Account L12 aggregation mapping - Version based', 'MA 10. Afdeling op Thema''s of Activiteiten', 'MA 11. Afdeling op L3++'",,"Afdeling OPS/SIP, Afdeling, Show ungrouped?, Show grouped?, Select Versie Budget"
FI 01. Select Versie Budget,SYSTEM,,Not Applicable,Not Applicable,Not Applicable,New Line Items: Off,Show All Users: On,24,Prep for TBD,,,,,"'FI 06. Filter Version', 'SET 02. Tijd Settings - Maand', 'SET 03. Tijd Settings - Jaar'",,"Format, Selecteer Budget versie, Selecteer BWM Export versie, Afdeling OPS/SIP, Show ungrouped?, Show grouped?, Tijd filter, Filter budget versie"
FI 02. User Filter Years,SYSTEM,Users,Not Applicable,Not Applicable,Not Applicable,New Line Items: Off,Show All Users: On,195,Prep for TBD,,,,,'FI 03. User Filter Years II',"2.1 P&L, 2.2 Balance Sheet, 2.3 Cashflow, 2.4 Verloopstaten, 2.5 FTE, 2.6 P&L Variantie, 2.7 BS Variantie, 2.8 Ratio's, 2.9 P&L - Brugstaat, 3.10 Dividend calculatie, 3.11 FTE Analyse","Filter, Hoeveel jaren in rapport, Format"
FI 10. Account,SYSTEM,Account L12,Not Applicable,Not Applicable,Not Applicable,New Line Items: Off,Show All Users: On,21872,,,,,,,,"Personeelskosten, Inleenkosten, Overige personeelskosten, Filter - Personeelskosten, Filter - Inleenkosten, Filter - Overige personeelskosten, Filter - Personeel and Inleen excl. Overige"
FI 04. Read-Only,SYSTEM,MJP Versions L2,Not Applicable,Not Applicable,Not Applicable,New Line Items: Off,Show All Users: On,18,,,,,,,,"Read?, Write?, Lock yearly input, Open yearly input, Lock doorbelastingen/toeslagen, Unlock doorbelastingen/toeslagen, Lock all input, Unlock all input"
FI 12. FIlter DB/TS,SYSTEM,"DB/TS items, SS Afdeling L5 - Doorbelastingen en toeslagen",Not Applicable,Not Applicable,Not Applicable,New Line Items: Off,Show All Users: On,2354,HV: some filters used in UX,,,,,"'└ IP 16a. Invoer DB/TS allocatie', 'IM 19. DB/TS Items'",,"Item, Filter DB/TS, Filter Toeslagen (SS), Filter Toeslagen, Show?"
FI 14. Thema L3 filter Calculations,SYSTEM,"MJP Versions L2, SIP Thema L3, SS Afdeling L5 - OPS (SIP)",Not Applicable,Not Applicable,Not Applicable,New Line Items: Off,Show All Users: On,185328,,,,,,"'FI 11. Activiteit L4 +', 'MA 10. Afdeling op Thema''s of Activiteiten', 'MA 11. Afdeling op L3++'",,"Totaal Euro, Valid Combinations"
FI 16. Filter SS Afdeling L5 - Budget Afdelingen,SYSTEM,SS Afdeling L5 - Budget Afdelingen,Not Applicable,Not Applicable,Not Applicable,New Line Items: Off,Show All Users: On,32,,,,,,,,KPI used for dashboard filtering
FI 17. Account L12 - budget - COEA,SYSTEM,"COEA, SS - Account L12 - Budget",Not Applicable,Not Applicable,Not Applicable,New Line Items: Off,Show All Users: On,512,HV: Filter module,,,,,"'└ FI 07f. User Filters - Account', 'IM 01. Account L12'",,Show?
FI 18. Allocation Thema/Afdeling/COEA,SYSTEM,"MJP Versions L2, SIP Thema L3++, SS - COEA - zonder AFD, SS Afdeling L5 - Budget Afdelingen",Not Applicable,Not Applicable,Not Applicable,New Line Items: Off,Show All Users: On,281652,,,,,,,,Filter waarde
⠀⠀⠀       ◼️  User Filter Modules,,,Not Applicable,Not Applicable,Not Applicable,New Line Items: Off,Show All Users: On,0,,,,,,,,
FI 08. Versie vergelijking,SYSTEM,Users,Not Applicable,Not Applicable,Not Applicable,New Line Items: Off,Show All Users: On,130,Prep for TBD,,,,,'CA 14. FTE Versie Variance',,"Versie 1, Versie 2"
FI 07. User filters - General,SYSTEM,Users,Not Applicable,Not Applicable,Not Applicable,New Line Items: Off,Show All Users: On,2860,,,,,,"'└ IP 10a. Verdeling naar grootboekrekening', '└ IP 10b. Verdeling naar grootboekrekening - Import', 'IP 25.  IC allocation naar kostenplaats', 'CA 11. Verdeling naar Grootboekrekening overzicht', 'CA 16. Controle Dekking Uren', 'CA 23. Berekend UMDT op L3++ Thema''s', '└  CA 23a. Allocatie naar Kostenplaats Thema L3 +', 'RP 13. UMDT - Afdeling', 'RP 15. UMDT - Afdeling E/G Regio OPEX', 'RP 18. KPI Waarde over years', 'RP 26. Calculatie seizoenspatronen Totaal', 'RP 21. COEA Versie Variance Totals', 'RP 22. COEA Versie Variance', 'RP 24. FTE Versie Variance Totals', 'FI 12. FIlter DB/TS', '└ FI 07a. User Filters - MJP Drivers L6', '└ FI 07b. User Filters - MJP Drivers L6 & Time', '└ FI 07c. User Filters - Afdeling L5', '└ FI 07d. User Filters - Afdeling L5 SS', '└ FI 07d. User Filters - Afdeling L5 DB/TS', '└ FI 07e. User Filters - KPI', '└ FI 07f. User Filters - Account', '└ FI 07g. User Filters - COEA', '└ FI 07h. User Filters - Kostencategorie', '└ FI 07i. User Filters - COEA-KP-ACC', '└ FI 07j. User Filters - Import Scenario', '└ FI 07k User Filters - Subafdeling L6', '└  FI 07l. User Filters - Tafel L2', '└  FI 07m. User Filters - Activiteit L4 + (UMD)', '└  FI 07n. User Fitlers - Afdeling + Support list', '└  FI 07r. User Filters - Thema L3++ & Afdeling', '└  FI 07s. User Filters - COEA Euros', '└  FI 07t. User Filters - Thema', '└  FI 07t. User Filters - Thema L3++', '└ FI 07u. User Filters - MJP Drivers L6 - Budget', '└ FI 07v. User Filters - KPI_Afdelingen', '└ FI 07w. User Filters - Dummy Afdelingen', '└ FI 07x. User Filters - Allocation Thema/Afdeling/COEA', '└ FI 07y. User Filters - Allocation Activiteiten/Afd./COEA', '└ FI 07z. User Filters - Inflation Selection IP10d', '└ FI 07aa. User Filters - Inflation List Selection', '└ FI 07ab. User Filters - Inflation Selection RP20', '└ FI 07ac. User Filters - Suppress Zeroes RP14', '└ FI 07ad. User Filters - Suppress Zeroes RP13', '└ FI 07ae. User Filters - Suppress Zeroes CA 35c', '└ FI 07af. User Filters - Suppress Zeroes IP 10a NEW', '└ FI 07ag. User Filters - Suppress Zeroes OPEX', '└ FI 07ah. User Filters - Suppress Zeroes CAPEX', '└ FI 07ai. User Filters - Activiteit_kostenplaats', '└ FI 07aj. User Filters - Suppress Zeroes RP15', '└ FI 07ak. User Filters - Suppress Zeroes IP 35', '└ FI 07al. User Filters - Suppress Zeroes RP 29', '└ FI 07am. Suppress Zeroes CA 35e.', '└ FI 07an. User Filters MJP Versions - COEA-MJP-ACC', '└ FI 07ba. User Filters - Rekeningcategorie', '└ FI 07bb. User Filters - OPEX Type', '└ FI 07bc. User Filters - Product', '└ FI 07bd. User Filters - Regio', 'FI 09. Driver DB Filter', 'FI 11. Activiteit L4 +', 'FI 15. Netverder dashboarding', 'IM 14. Risico''s  & Kansen', 'IM 37. SIP Activiteit L4 +', 'IM 43. KPI_Afdeling', 'MA 07. Kostenplaats L7 Aggregation mapping - Version based', 'MA 09. Account L12 aggregation mapping - Version based', 'MA 11. Afdeling op L3++', 'MA 12.  Afdeling op L4+'",,"Versies, FSP Version, Versie vergelijking, Versie 1, Versie 2, Organisatie, Entiteit, Afdelingsgroep, Afdeling, Afdeling (IC), Afdeling (DB/TS), Afdeling (OPS SIP), Afdeling (OPS), Subafdeling (OPS), Subafdeling, Kostenplaats SS, Kostenplaats, Afdelingen, Financieel, COEA, COEA (ex AFD), COE - Euros, COE - Euros TEST, COE - Activiteit, Kostensoort, Grootboekrekening, Account for Support Issue, Rekeningcategorieen, Account, Account - DB/TS, OPEX Type, Regio, Product, Other, Suppress Zero's, Toon waarde > 0?, Toon verplichte KPI's?, Toon PPT KPI's?, Toon MJP incl. Inflatie?, Netverder PPT?, Toon zonder toewijzing?, User KPI, Tafel/Thema, Tafel, Thema, Thema L3++, Activiteit L4 +, KPI's, SPIN - KPI, KPI Filtering"
└ FI 07a. User Filters - MJP Drivers L6,SYSTEM,"Users, MJP Kostenplaats L7",Not Applicable,Not Applicable,Not Applicable,New Line Items: Off,Show All Users: On,641160,,,,,,'└ IP 10e. Maand FTE Verdeling naar KP',,"Filter Activiteit, Filter Afdeling, Filter Subafdeling, Filter Kostenplaats, Filter DB/TS, Filter Budget SS afdeling, Filter Budget SS Subafdeling, Filter Budget SS Kostenplaats - Empty shows nothing, Filter Budget SS Kostenplaats, User Filter Afdeling, User Filter Afdeling - empty shows all, User Filter - Only select one item, User Filter - Afdeling L5, User Filter - L5 plus L7"
└ FI 07b. User Filters - MJP Drivers L6 & Time,SYSTEM,"Users, MJP Kostenplaats L7",Year,TR MJP,Not Applicable,New Line Items: Off,Show All Users: On,775125,,,,,,,,Filter
└ FI 07c. User Filters - Afdeling L5,SYSTEM,"Users, Afdeling L5",Not Applicable,Not Applicable,Not Applicable,New Line Items: Off,Show All Users: On,94770,,,,,,"'RP 03. DB / TS Overview', '└ FI 07d. User Filters - Afdeling L5 DB/TS'",,"Filter Afdeling only, Filter Afdeling OPS SIP, Filter Afdeling OPS, Filter, Filter hide blank selection, Filter hide blank selection (IC), Filter hide blank selection (DB/TS)"
└ FI 07d. User Filters - Afdeling L5 SS,SYSTEM,"Users, SS Afdeling L5 - Budget Afdelingen",Not Applicable,Not Applicable,Not Applicable,New Line Items: Off,Show All Users: On,16574,Duplicate module name prefix,,,,,,,"Item, Filter general afdeling, Filter OPS SIP afdeling, Filter Dummy, Filter afdeling 2, Test, Filter Afdeling IC, Instandhouding?"
└ FI 07d. User Filters - Afdeling L5 DB/TS,SYSTEM,"Users, SS Afdeling L5 - Doorbelastingen en toeslagen",Not Applicable,Not Applicable,Not Applicable,New Line Items: Off,Show All Users: On,3770,Duplicate module name prefix,,,,,,,"Filter DB/TS, Filter DB/TS 2"
└ FI 07e. User Filters - KPI,SYSTEM,"Users, KPI's",Not Applicable,Not Applicable,Not Applicable,New Line Items: Off,Show All Users: On,195000,,,,,,,,"Afdeling, Filter Afdeling, Filter User, Users, Filter Verplicht?, Verplicht?"
└ FI 07f. User Filters - Account,SYSTEM,"Users, SS - Account L12 - Budget",Not Applicable,Not Applicable,Not Applicable,New Line Items: Off,Show All Users: On,43550,,,,,,'└ FI 07i. User Filters - COEA-KP-ACC',,"GREN, Rekeningcategorie, Filter, Filter 2, Filter Account op Rekeningcategorie, Filter Account DB/TS"
└ FI 07g. User Filters - COEA,SYSTEM,"Users, COEA",Not Applicable,Not Applicable,Not Applicable,New Line Items: Off,Show All Users: On,975,,,,,,,,"COEA, Filter, Filter 2"
└ FI 07h. User Filters - Kostencategorie,SYSTEM,"Users, LIS (DA45) Budgetitems",Not Applicable,Not Applicable,Not Applicable,New Line Items: Off,Show All Users: On,715,,,,,,,,Filter
└ FI 07i. User Filters - COEA-KP-ACC,SYSTEM,"Users, Uni-code COEA-MJP-ACC",Not Applicable,Not Applicable,Not Applicable,New Line Items: Off,Show All Users: On,4528030,,,,,,'RP 26. Calculatie seizoenspatronen Totaal',,"COEA, Filter COEA, Afdeling, Filter Afdeling, Kostenplaats, Filter Kostenplaats, Account, Filter Account obv kostensoort, Filter Account obv rekeningcategorie, Filter Account obv account, Show? Kostensoort, Show? Rekeningcategorie, Show? Account"
└ FI 07j. User Filters - Import Scenario,SYSTEM,"Users, Import Scenario",Not Applicable,Not Applicable,Not Applicable,New Line Items: Off,Show All Users: On,650,,,,,,,,"Filter Scenario - Inflation selection shows both, Filter Scenario - Inflation selection shows one"
└ FI 07k User Filters - Subafdeling L6,SYSTEM,"Users, Subafdeling L6",Not Applicable,Not Applicable,Not Applicable,New Line Items: Off,Show All Users: On,40495,,,,,,'FI 16. Filter Prestatiesoort',,"Filter, Filter (OPS), Filter subafdeling, Filter subafdeling OPS"
└  FI 07l. User Filters - Tafel L2,SYSTEM,"Users, SIP Tafel L2",Not Applicable,Not Applicable,Not Applicable,New Line Items: Off,Show All Users: On,780,,,,,,,,Tafel
└  FI 07m. User Filters - Activiteit L4 + (UMD),SYSTEM,"Users, SIP Activiteit L4 +",Not Applicable,Not Applicable,Not Applicable,New Line Items: Off,Show All Users: On,210210,,,,,,,,"Activiteit L4+ Filter, Activiteit L4+ Filter based on Afdeling selection"
└  FI 07n. User Fitlers - Afdeling + Support list,SYSTEM,"Users, Support list #10, SS Afdeling L5 - IC",Not Applicable,Not Applicable,Not Applicable,New Line Items: Off,Show All Users: On,18590,HV: TBD? Checking,,,,,,,Filter
└  FI 07p. User Filters - Accounts Active SS,SYSTEM,"Users, SS - Account L12 - Active",Not Applicable,Not Applicable,Not Applicable,New Line Items: Off,Show All Users: On,36270,,,,,,,,"Mapped Rekeningcategorie, Filter Rekeningcategorieen"
└  FI 07q. User Filters -Kostensoort,SYSTEM,"Users, Kostensoort",Not Applicable,Not Applicable,Not Applicable,New Line Items: Off,Show All Users: On,455,,,,,,,,User filter Kostensoort
└  FI 07r. User Filters - Thema L3++ & Afdeling,SYSTEM,"Users, MJP Versions L2, SIP Thema L3++, SS Afdeling L5 - OPS (SIP)",Not Applicable,Not Applicable,Not Applicable,New Line Items: Off,Show All Users: On,7503535,,,,,,,,"Planning, Planning Filter, Planning filter (OPS SIP), Planning filter COEA, Thema L3++ Filter, Filter zeros, Suppress Zero's IP40, Afdeling Filter, Planning/Thema Filter"
└  FI 07s. User Filters - COEA Euros,SYSTEM,"Users, SS - COEA - zonder AFD",Not Applicable,Not Applicable,Not Applicable,New Line Items: Off,Show All Users: On,979,,,,,,,,"Item, COEA 1 Filter, COE 2 Filter, COEA 3 Filter, COEA Ex-afd Filter"
└  FI 07t. User Filters - Thema,SYSTEM,"Users, SIP Thema L3",Not Applicable,Not Applicable,Not Applicable,New Line Items: Off,Show All Users: On,22815,,,,,,,,"Thema L3 User Filter, Thema L3 User Filter - Empty shows parent, ---Technical---, Total?"
└  FI 07t. User Filters - Thema L3++,SYSTEM,"Users, SIP Thema L3++",Not Applicable,Not Applicable,Not Applicable,New Line Items: Off,Show All Users: On,15340,,,,,,'└  FI 07r. User Filters - Thema L3++ & Afdeling',,Thema L3++ User Filter
└ FI 07u. User Filters - MJP Drivers L6 - Budget,SYSTEM,"Users, SS Kostenplaats L7 - Budget",Not Applicable,Not Applicable,Not Applicable,New Line Items: Off,Show All Users: On,143780,HV: All filters used in UX- AK and TOTEX sections,,,,,'└ FI 07af. User Filters - Suppress Zeroes IP 10a NEW',,"Filter Afdeling, Filter Subafdeling, Filter Afdeling DB/TS, Filter Afdeling/Subadfeling"
└ FI 07v. User Filters - KPI_Afdelingen,SYSTEM,"Users, KPI_Afdeling",Not Applicable,Not Applicable,Not Applicable,New Line Items: Off,Show All Users: On,479700,,,,,,,,"Afdeling filter, Verplicht Filter, PPT Filter, Combined filter, SPIN - KPI FIlter, KPI Cluster Filter"
└ FI 07w. User Filters - Dummy Afdelingen,SYSTEM,"Users, Dummy Afdelingen",Not Applicable,Not Applicable,Not Applicable,New Line Items: Off,Show All Users: On,4488,,,,,,,,"AN Afdeling, Afdeling L5, Afdeling L5 Filter, Dummy Afdeling Filter"
└ FI 07x. User Filters - Allocation Thema/Afdeling/COEA,SYSTEM,"Users, MJP Versions L2, SIP Thema L3++, SS - COEA - zonder AFD, SS Afdeling L5 - Budget Afdelingen",Not Applicable,Not Applicable,Not Applicable,New Line Items: Off,Show All Users: On,18307380,"KR: Created and applied FI 18. Non-user based version, if FI 07x is unused delete it.",,,,,,,Filter waarde
└ FI 07y. User Filters - Allocation Activiteiten/Afd./COEA,SYSTEM,"Users, MJP Versions L2, SIP Activiteit L4 +, SS - COEA - zonder AFD, SS Afdeling L5 - Budget Afdelingen",Not Applicable,Not Applicable,Not Applicable,New Line Items: Off,Show All Users: On,127960560,,,,,,,,Filter waarde
└ FI 07z. User Filters - Inflation Selection IP10d,SYSTEM,"Users, LIS (IP 10d) Waarde Selectie",Not Applicable,Not Applicable,Not Applicable,New Line Items: Off,Show All Users: On,130,,,,,,,,Selectie
└ FI 07aa. User Filters - Inflation List Selection,SYSTEM,"Users, Inflatie excl/incl",Not Applicable,Not Applicable,Not Applicable,New Line Items: Off,Show All Users: On,130,,,,,,,,Selection
└ FI 07ab. User Filters - Inflation Selection RP20,SYSTEM,"Users, LIS (RP 20) Waarde Selectie",Not Applicable,Not Applicable,Not Applicable,New Line Items: Off,Show All Users: On,130,,,,,,,,Selectie
└ FI 07ac. User Filters - Suppress Zeroes RP14,SYSTEM,"Users, MJP Versions L2, SIP Thema L3, SS - COEA - zonder AFD, SS Kostenplaats L7 - Budget",Not Applicable,Not Applicable,Not Applicable,New Line Items: Off,Show All Users: On,50466780,,,,,,,,Suppress Zeroes
└ FI 07ad. User Filters - Suppress Zeroes RP13,SYSTEM,"Users, MJP Versions L2, SIP Thema L3, UMDT Items, SS - COEA - zonder AFD, SS Afdeling L5 - Budget Afdelingen",Not Applicable,Not Applicable,Not Applicable,New Line Items: Off,Show All Users: On,49189140,,,,,,,,Suppress Zeroes
└ FI 07ae. User Filters - Suppress Zeroes CA 35c,SYSTEM,"Users, MJP Versions L2, Activiteit_Kostenplaats, Dummy Maand, SS - COEA - zonder AFD, LIS (CA 21) UMD - Activiteit L4+",Not Applicable,Not Applicable,Not Applicable,New Line Items: Off,Show All Users: On,34070400,,,,,,,,"Selectie, COE"
└ FI 07af. User Filters - Suppress Zeroes IP 10a NEW,SYSTEM,"Users, MJP Versions L2, COEA, Rekeningcategorie, SS Kostenplaats L7 - Budget",Not Applicable,Not Applicable,Not Applicable,New Line Items: Off,Show All Users: On,7009275,,,,,,,,Suppress zeroes?
└ FI 07ag. User Filters - Suppress Zeroes OPEX,SYSTEM,"Users, MJP Versions L2, Import Scenario, SS Afdeling L5 - Budget Afdelingen, LIS (RP11a) OPEX - Specificatie",Year,TR MJP inclusief totaal,Not Applicable,New Line Items: Off,Show All Users: On,22932000,,,,,,,,"Hardcoded Summary?, Suppress Zeroes"
└ FI 07ah. User Filters - Suppress Zeroes CAPEX,SYSTEM,"Users, MJP Versions L2, Import Scenario, SS Afdeling L5 - Budget Afdelingen, LIS (RP 10a) capex mapping Themas L3",Year,TR MJP inclusief totaal,Not Applicable,New Line Items: Off,Show All Users: On,32104800,,,,,,,,"Hardcoded Summary?, Suppress Zeroes"
└ FI 07ai. User Filters - Activiteit_kostenplaats,SYSTEM,"Users, Activiteit_Kostenplaats",Not Applicable,Not Applicable,Not Applicable,New Line Items: Off,Show All Users: On,27105,,,,,,,,"Afdeling, Activiteit, Kostenplaats"
└ FI 07aj. User Filters - Suppress Zeroes RP15,SYSTEM,"Users, MJP Versions L2, SIP Thema L3, UMDT Items, SS - COEA - zonder AFD, SS Afdeling L5 - Budget Afdelingen",Not Applicable,Not Applicable,Not Applicable,New Line Items: Off,Show All Users: On,49189140,,,,,,,,Suppress zeroes
└ FI 07ak. User Filters - Suppress Zeroes IP 35,SYSTEM,"Users, MJP Versions L2, SS Kostenplaats L7 - Budget",Not Applicable,Not Applicable,Not Applicable,New Line Items: Off,Show All Users: On,107835,,,,,,,,Filter - Suppress Zero
└ FI 07al. User Filters - Suppress Zeroes RP 29,SYSTEM,"Users, MJP Versions L2, Inflatie excl/incl, Rekeningcategorie, SS Afdeling L5 - Budget Afdelingen, SS - COEA - P&L",Not Applicable,Not Applicable,Not Applicable,New Line Items: Off,Show All Users: On,993720,,,,,,,,Suppress zeroes
└ FI 07am. Suppress Zeroes CA 35e.,SYSTEM,"Users, MJP Versions L2, SIP Thema L3++, SS - COEA - zonder AFD, SS Afdeling L5 - Budget Afdelingen",Not Applicable,Not Applicable,Not Applicable,New Line Items: Off,Show All Users: On,36614760,,,,,,,,"Value, Suppress Zeroes"
└ FI 07an. User Filters MJP Versions - COEA-MJP-ACC,SYSTEM,"Users, MJP Versions L2, Uni-code COEA-MJP-ACC",Not Applicable,Not Applicable,Not Applicable,New Line Items: Off,Show All Users: On,1068210,,,,,,,,Verdeling nog in te vullen
└ FI 07ba. User Filters - Rekeningcategorie,SYSTEM,"Users, Rekeningcategorie",Not Applicable,Not Applicable,Not Applicable,New Line Items: Off,Show All Users: On,1638,,,,,,,,"ITEM, Filter - Selected Rekeningcategorie, Filter - Rekeningcategorie - Empty is total"
└ FI 07bb. User Filters - OPEX Type,SYSTEM,"Users, OPEX Type",Not Applicable,Not Applicable,Not Applicable,New Line Items: Off,Show All Users: On,195,,,,,,,,Filter - Selected OPEX Type
└ FI 07bc. User Filters - Product,SYSTEM,"Users, Product",Not Applicable,Not Applicable,Not Applicable,New Line Items: Off,Show All Users: On,260,,,,,,,,Filter - Selected Product
└ FI 07bd. User Filters - Regio,SYSTEM,"Users, Regio",Not Applicable,Not Applicable,Not Applicable,New Line Items: Off,Show All Users: On,390,,,,,,,,Filter - Selected Regio
FI 09. Driver DB Filter,SYSTEM,"Users, MJP Versions L2, SS Kostenplaats L7 - Budget",Not Applicable,Not Applicable,Not Applicable,New Line Items: Off,Show All Users: On,1993290,,,,,,,,"User Selected Driver, Filter Percentages, Filter Values, Filter values <added dimension>, User Selected Driver NEW, Filter Percentages NEW, Filter Values NEW"
FI 11. Activiteit L4 +,SYSTEM,"Users, MJP Versions L2, SIP Activiteit L4 +",Not Applicable,Not Applicable,Not Applicable,New Line Items: Off,Show All Users: On,131224860,,,,,,,,"Afdeling filter, Afdeling planning filter, Default planning Filter, Thema Filter, Planning/Thema Filter, temp, Filter zeros, Suppress Zero's"
FI 16. Filter Prestatiesoort,,"F2 Prestatiesoorten, SS Afdeling L5 - OPS",Not Applicable,Not Applicable,Not Applicable,New Line Items: Off,Show All Users: On,11377,,,,,,,,"Filter, Filter subset"
FI 15. Netverder dashboarding,SYSTEM,"Users, LIS (IP 31) Netverder",Not Applicable,Not Applicable,Not Applicable,New Line Items: Off,Show All Users: On,6435,HV: ??,,,,,,,"Show PPT Slide, Show in PPT?, Filter"
⠀⠀⠀       ◼️ Information Modules,,,Not Applicable,Not Applicable,Not Applicable,New Line Items: Off,Show All Users: On,0,,,,,,,,
IM 99. Lookup lists,SYSTEM,,Not Applicable,Not Applicable,Not Applicable,New Line Items: Off,Show All Users: On,108,,,,,,"'└ DA 28a. Meerjarenplan Euros Driver Selectie', '└ DA 28a NEW. Meerjarenplan Euros Driver Selectie', '└ DA 28b. Meerjarenplan Euros SIP Thema selectie', 'DA 29. Meerjarenplan FTEs per jaar', 'IP 10x1. NEW Afdelingkosten naar KP', '└ IP 10c. Selecteer seizoenspatroon', '└ IP 10d. Calculatie seizoenspatronen', '└ IP 10f. NEW - Jaar FTE tarief/uren per KP', 'IP 11. IC & Leenmonteurs input', 'IP 13. UMDT op Activiteiten', 'IP 19. UMDT op L3++ Thema''s', 'IP 31. Netverder', 'IP 37. Verdeling FTE niet prestatiesoort', 'IP 40. Input Thema L3++ split', 'IP 41. Input Activiteit L4+ split', 'IP 48. KPI report creation input', 'CA 04. FTE naar COEA', 'CA 05. Risico & Kansen', 'CA 07. Variante SIP/MJP', 'CA 11 NEW. Verdeling naar Grootboekrekening', 'CA 16. Controle Dekking Uren', 'CA 20. Toeslag Direct', 'CA 21. Berekend UMDT op Activiteit', '└ CA 21c. UMDT + Inflatie (L4+)', '└ CA 22a. Berekening toeslagen', '└ CA 22a. Berekening toeslagen - Copy', 'CA 23. Berekend UMDT op L3++ Thema''s', '└ CA 23c. UMDT + Inflatie (L3+)', 'CA 24. Budget Kosten uren uitvoeringskosten-TBD', 'CA 24. MJP Kosten uren uitvoeringskosten', 'CA 25. Budget Uren uitvoeringskosten', 'CA 26. Calculatie Toeslag Indirect', 'CA 32. Toeslag Indirect MJP', 'CA 38. Toeslagen GBR', 'CA 42. Materiaal Staging Thema L3++', 'CA 43. Materiaal Staging Activiteit L4+', 'CA 48. Personeelskosten naar maand', 'CA 52. UMDT - Thema Regio EG', 'CA 53. UMDT - Activiteit Regio EG', 'CA 54. Bezettingsresultaat en dekkingsgraad', 'CA 55. Correctiefactor', 'CA 57. Uurtarief Afdeling', 'CA 58. Uurtarief Subafdeling', 'CA 99. Samenvatting', 'CA 40. BAK Inflatie + Meerjarig', 'CA 41. Netverder Inflatie', '└CA 41a. Netverder Inflatie - Naar rekeningcategori', 'RP 03. DB / TS Overview', 'RP 06. samenvatting MJP', '└ RP 06a. samenvatting COEA', 'RP 07. formatie ontwikkeling', 'RP 08. Formatie MJP', 'RP 09. Afdelingskosten', 'RP 10 MJP CAPEX - UMD', '└ RP 10a. MJP CAPEX - Specificatie', 'RP 11. MJP OPEX - UMD', '└ RP 11a. MJP OPEX - Specificatie', 'RP 12. MJP EXTERN - UMD', '└ RP 12a. MJP Extern - Specificatie', 'RP 15. UMDT - Afdeling E/G Regio OPEX', '└ RP 18b. Powerpoint KPI''s Master Data', 'RP 29. P&L Overzicht', 'RP 23. Controle Dekking Uren', 'RP 27. Check report overview', 'RP 30. Controle DB en TS', 'FI 10. Account', '└ FI 07am. Suppress Zeroes CA 35e.', 'FI 09. Driver DB Filter', 'IM 01. Account L12', 'IM 33. Rekeningcategorie', 'IM 69. Inflatie', 'MA 04. Mapping Rekeningcategorie naar COEA', 'MA 06. NEW. COEA -> Rekeningcategorie', 'SET 05. MJP Version Control', 'EX 01. Export plan to FSP', '└EX 01a. Export netverliezen to FSP', '└EX 01b. Export IKT Data  to FSP', '└EX 01c. Export IKT growth  to FSP', '└EX 01d. Export Tafel/Thema to FSP', 'EX 05. DB/TS export to AACxUMD', 'EX 06. Export inflatie to Datahub', 'EX 07. Uurtarief export to Data Hub Subafdeling', 'EX 08. Uurtarief export to Data Hub Afdeling', 'EX 09. Export Directe Toeslagen to AACx UMD', 'EX xx. Export plan to FSP', '└EX 01a. Export plan to FSP - BAK', '└EX 01b. Export plan to FSP - % Personeelkosten'",,"DB/TS, IT (DB/TS), NS reiskosten, Huisvestiging, Wagenpark, Gereedschap, Kleding, Terughaalactie, Bedrijfsvoering (OLD, Management Fee, Magazijntoeslag, OPS Support, Netwerkontwikkeling, Inkoop, VGMK, Bedrijfsvoering toeslag, Account L12, Materiaal - Magazijn, Materiaal - Overig, COEA, COEA - OPEX, COEA - CAPEX, COEA - Extern, COEA - Afdelingskosten, Tijd, December budget jaar, FTE, FTE - Eigen, FTE - Inleen, FTE - Totaal, CAPEX / OPEX, SS Capex, SS Opex, OPEX BAK, CAPEX bak, Afdelingen, Netverder, Eenheid, Stelpost, Stuks, Seizoenspatroon, Op basis van FTE, Actuals, Automatische Allocatie, Previous MJP, Grootboekrekening, Automatische allocatie driver, Eigen invoer driver, CY Actuals driver, LY Actuals driver, Laatste MJP driver, Rekeningcategorieen, RC - Activering, RC - Omzet, RC - Personeelkosten, RC - Materiaal Kosten, RC - Diensten Derden, RC - Overige Kosten, RC - Uren, RC - Toeslag direct, RC - Toeslag indirect, RC - Doorbelastingen, RC - IC Kosten, RC - niet cf IAS 16, Kostensoort, Kostensoort Inleen, Kostensoort Personeel, IAS 16 Kosten, SPP, Consignatiedienst, PPO, CSR, BBL Leerlingen, Change activiteiten, Opleidingskosten, Overig IAS 16, UMDT Items, UMDT Total, LIS IP 10new, Handmatig, Berekening, Totaal, Intercompany/Leenmonteuir, Intercompany, Leenmonteur, Regio, Regio overig, LIS CA  29 MJP, CA 29 - Activering, CA 29 - Omzet, CA 29 - Uren, CA 29 - Toeslag Direct, CA 29 - Toeslag Indirect, CA 29 - Personeelskosten, CA 29 - Doorbelastingen, CA 29 - Diensten Derden, CA 29 - Materiaal, CA 29 - Overig Kosten, CA 29 - IC, CA 29 - niet cf IAS 16, CA 29 - Totaal, Inflatie, Exclusief infaltie, Inclusief Inflatie, E/G/O, Elektra, Gas, OPEX Type, Regulier, LIS CA 21, LIS CA 21 UMDT, CA 22a, CA 22a - Netwerkontwikkeling, CA 22a - VGMK, CA 22a - Inkoop, CA 22a - Bedrijfsvoering, Indirecte toeslag, LIS CA 23, LIS CA 23 UMDT, LIS CA 24, LIS CA24 Personeelskosten, LIS CA24 Totaal, LIS CA24 Totaal Niet IAS 16, LIS CA 24 v2, LIS CA 24 Personeelskosten v2, LIS CA24 Totaal v2, LIS CA24 Totaal niet IAS 16 v2, KPI, PPT #KPI's per page, Export FSP, Export AAC x UMD, TEMP 2026, KPI or Randvoorwaarde - KPI, KPI or Randvoorwaarde - Randvoorwaarde?"
IM 00. Images,SYSTEM,,Not Applicable,Not Applicable,Not Applicable,New Line Items: Off,Show All Users: On,6,"HV: Rename ""Links""",,,,,,"00. FSP Landing Dashboard, 00. FSP Landing Dashboard - Full Access, 00. FSP Landing Dashboard - Controller Operations, 00. FSP Landing Dashboard - Controller Staven, 00. FSP Landing Dashboard - Manager, 00. FSP Landing Dashboard - Manager Regulering, 00. FSP Landing Dashboard - Treasury & Tax","Images, Stedin Groep, Refresh, Output / Reporting, Upload, Input, Error, Trainings"
IM 00. Trainingen,SYSTEM,,Not Applicable,Not Applicable,Not Applicable,New Line Items: Off,Show All Users: On,2,"HV: Migrate to IM 00 Images (later renamed ""Links"")",,,,,,,"Link 1, Link 2"
IM 01. Account L12,SYSTEM,Account L12,Not Applicable,Not Applicable,Not Applicable,New Line Items: Off,Show All Users: On,214008,,,,,,"'DA 31. Historical data SAP BPC', '└ IP 10a. Verdeling naar grootboekrekening', '└ IP 10a NEW. Verdeling naar grootboekrekening', '└ IP 10b. Verdeling naar grootboekrekening - Import', '└ IP 10c. Selecteer seizoenspatroon', 'CA 36. Doorbelastingen naar Maand', 'CA 45. Doorbelasting inflatie staging', 'FI 10. Account', '└ FI 07f. User Filters - Account'",,"ITEM, Code, Name, Account group Load, Loaded grouping, Overwrite, Final Grouping, Kostensoort, Booleans, CAPEX, OPEX, Extern, Afdelingskosten, Delete, Filter Budget, Delete?, Value in actuals?, Value in budget?, Filter Overige personeelskosten, Filter Create Active SS, Filter Create Budget SS, SS Account L12 Active?, SS Account L12 Budget?, Filter active SS, Filter budget SS, SS - Account L12 - Inleen, SS - Account L12 - Personeelskosten, SS - Account L12 - IC, SS - Account L12 - DB/TS, SS - Account L12 - UMD, SS - Account L12 - Allocation, Techincal, SS Account L12 Active? Subsidiary View, SS Account L12 Budget? Subsidiary View"
└ IM 01a. Account L12 - used,SYSTEM,SS - Account L12 - Used,Not Applicable,Not Applicable,Not Applicable,New Line Items: Off,Show All Users: On,8232,HV: Move to IM 01,,,,,"'└ DA 31b.  Historical Data Aggregated', '└ IP 10a. Verdeling naar grootboekrekening', '└ IP 10a NEW. Verdeling naar grootboekrekening', '└ IP 10c. Selecteer seizoenspatroon', 'CA 11. Verdeling naar Grootboekrekening overzicht', 'CA 11 NEW. Verdeling naar Grootboekrekening', '└ FI 07f. User Filters - Account', 'IM 20. COEA-KP-ACC', 'MA 08. Acount L12 aggregation mapping', 'MA 09. Account L12 aggregation mapping - Version based', 'SEC 03. Subset Account L12 - Budget Access'",,"Budget?, IC?, Mapping GREN, Mapping Rekeningcategorie, L12?, DB/TS ss?"
IM 04. Entiteit,SYSTEM,Entiteit L3,Not Applicable,Not Applicable,Not Applicable,New Line Items: Off,Show All Users: On,756,,,,,,'IP 11. IC & Leenmonteurs input',,"ITEM, Is Top Level?, CODE, IC Code, IC Code Text, Page selector filter, Final BS Page selector filter, Leaf, Count, BAK Afdeling, BAK Afdelingsgroep, Logic 1: Stedin Holding E1000, Logic 2: Dummy C1132 E1999, Logic 3: Stedin Netbeheer B.V. E4010, Logic 4: Enduris B.V. E7010, Logic 5: Gereguleerd, Actief in IC?"
IM 05a. Afdelingsgroep,SYSTEM,Afdelingsgroep L4,Not Applicable,Not Applicable,Not Applicable,New Line Items: Off,Show All Users: On,300,,,,,,,,"ITEM, CODE, Entiteit, Knooppunt, Temp display name, Old code"
IM 05b. Afdeling - Do not use,DELETE,Afdeling L5,Not Applicable,Not Applicable,Not Applicable,New Line Items: Off,Show All Users: On,608,Replaced by IM 13 - this module should be deleted,,,,,,,"Item, Name, Code Parent, Empty Parent, Code, Code creation, Dummy Afdeling SS Budget, Dummy Afdeling"
IM 05c. Subafdeling,SYSTEM,Subafdeling L6,Not Applicable,Not Applicable,Not Applicable,New Line Items: Off,Show All Users: On,858,,,,,,"'CA 58. Uurtarief Subafdeling', '└ FI 07k User Filters - Subafdeling L6', 'FI 16. Filter Prestatiesoort', 'EX 07. Uurtarief export to Data Hub Subafdeling'",,"Parent, Item, Code, Subafdeling OPS?, Delete all?, Code in DH 2.0"
IM 06b. SS Budget MJP Kostenplaats,SYSTEM,SS Kostenplaats L7 - Budget,Not Applicable,Not Applicable,Not Applicable,New Line Items: Off,Show All Users: On,1656,,,,,,'└ FI 07u. User Filters - MJP Drivers L6 - Budget',,"ITEM, Subafdeling L6, Afdeling L5, Leaf"
IM 07. Import Scenario's,SYSTEM,Import Scenario,Not Applicable,Not Applicable,Not Applicable,New Line Items: Off,Show All Users: On,35,,,,,,"'CA 99. Samenvatting', 'RP 06. samenvatting MJP', '└ RP 06a. samenvatting COEA', '└ RP 06b. Variantie Analyse', 'RP 07. formatie ontwikkeling', 'RP 08. Formatie MJP', 'RP 09. Afdelingskosten', 'RP 10 MJP CAPEX - UMD', '└ RP 10a. MJP CAPEX - Specificatie', 'RP 11. MJP OPEX - UMD', '└ RP 11a. MJP OPEX - Specificatie', 'RP 12. MJP EXTERN - UMD', '└ RP 12a. MJP Extern - Specificatie', 'RP 17. KPI Waarde report creation', 'RP 18. KPI Waarde over years', '└ FI 07j. User Filters - Import Scenario', '└ SET 01b. Import Scenario Dashboard Settings', '└ SET 01c. Import Scenatio Dashboard Settings Monthly'",,"ITEM, Actual?, LE?, Budget LY?, Not MJP?, MJP?, MJP Inflatie?"
IM 08. Product,SYSTEM,Product,Not Applicable,Not Applicable,Not Applicable,New Line Items: Off,Show All Users: On,6,,,,,,"'└ FI 07bc. User Filters - Product', '└EX 01a. Export netverliezen to FSP'",,"ITEM, CODE"
IM 09. FTE Type L1,SYSTEM,FTE Type L1,Not Applicable,Not Applicable,Not Applicable,New Line Items: Off,Show All Users: On,1,,,,,,,,ITEM
IM 10. FTE Type L2,SYSTEM,FTE Type L2,Not Applicable,Not Applicable,Not Applicable,New Line Items: Off,Show All Users: On,8,,,,,,"'└ IP 10f. NEW - Jaar FTE tarief/uren per KP', 'RP 24. FTE Versie Variance Totals'",,"ITEM, Eigen?, Inleen?, Parent"
IM 13. Afdeling L5,SYSTEM,Afdeling L5,Not Applicable,Not Applicable,Not Applicable,New Line Items: Off,Show All Users: On,3028,,,,,,"'LO 06. Subafdeling', '└ DA 28b. Meerjarenplan Euros SIP Thema selectie', 'IP 11. IC & Leenmonteurs input', 'IP 13. UMDT op Activiteiten', 'IP 19. UMDT op L3++ Thema''s', 'IP 20. UMDT Thema''s op Kostenplaats', 'IP 25.  IC allocation naar kostenplaats', 'IP 26. Leenmmonteurs', 'IP 38. Loonkosten prestatiesoort', 'CA 18. Invoer seizoenspatroon IC', 'CA 20. Toeslag Direct', 'CA 29. MJP naar Afdelingen', 'CA 34. MJP naar thema''s', 'CA 34. MJP naar thema''s - Meerjarig', '└ CA 47a. Versturende Toeslag Indirect Staging', 'RP 01. IC output', 'RP 13. UMDT - Afdeling', 'RP 15. UMDT - Afdeling E/G Regio OPEX', 'RP 25. Leenmonteur overview', 'RP 27. Check report overview', 'FI 12. FIlter DB/TS', '└ FI 07a. User Filters - MJP Drivers L6', '└ FI 07c. User Filters - Afdeling L5', '└ FI 07d. User Filters - Afdeling L5 SS', '└ FI 07d. User Filters - Afdeling L5 DB/TS', '└  FI 07n. User Fitlers - Afdeling + Support list', 'IM 05c. Subafdeling', 'IM 18. KPI Informatie', 'IM 24. Dummy Afdelingen', 'IM 62 Kostenplaats', 'EX 05. DB/TS export to AACxUMD', 'EX 08. Uurtarief export to Data Hub Afdeling', 'EX 09. Export Directe Toeslagen to AACx UMD', 'SEC 04. IC Afdelingen Access'",,"ITEM, CODE, NAME, PARENT, CODE PARENT, Code Creation, ITEM TOTAL, Entiteit, Dummy Afdeling, Mapping Afdeling Directeuren, RvB, Directeur, Hoofd Business Control, ABC'er, Logic/Booleans, Parent=Operations?, SS - DB/TS?, SS - Budget?, SS - IC?, SS IC Item, Is a Parent?, Logic 4: IT, Logic 9: Staven?, Logic 10: Directie, Logic 11: Supply Chain, Logic 12: OPS support, Logic 13: VGMK, Logic 14: Bedrijfsschool, Logic 15: Subset OPS (NON-SIP), Logic 19: Staven Subset Budget Afdelingen, Logic 20: DNWG, Logic 21: AM, Logic 22: Keten, Code in DH 2.0, Code in AAC"
IM 14. Risico's  & Kansen,SYSTEM,Risico & Kansen items,Not Applicable,Not Applicable,Not Applicable,New Line Items: Off,Show All Users: On,12005,,,,,,,,"Count, Rank, Parent item, Parent, Display name, Filter afdeling"
IM 15. Risico & Kansen soorten,SYSTEM,Risico & Kansen soort,Not Applicable,Not Applicable,Not Applicable,New Line Items: Off,Show All Users: On,12,,,,,,"'IP 03. Risico & Kansen', 'CA 05. Risico & Kansen', 'RP 19. Risico & Kansen'",,"Eenheid, EBIT?, CAPEX?, Formatie?"
IM 16. Users,SYSTEM,Users,Not Applicable,Not Applicable,Not Applicable,New Line Items: Off,Show All Users: On,780,,,,,,,,"Voornaam, Achternaam 2.0, Achternaam, Voor- en Achternaam, Welkoms bericht, test, Bedrijf, Stedin?, Mapping, Gevuld?, Nieuw?, Aanmaken?"
IM 18. KPI Informatie,SYSTEM,KPI's,Not Applicable,Not Applicable,Not Applicable,New Line Items: Off,Show All Users: On,13001,,,,,,'└ FI 07e. User Filters - KPI',,"ITEM, CODE, KPI Soort, Eenheid, KPI Naam, Strategisch Thema, KPI type (RGS), Afdeling, Portefeuillehouder, KPI Regisseur, Business Control, Handmatig - Portfeulliehouder, Handmatig - KPI Regisseur, Handmatig - Business Conrol, Toelichting, SPIN Code (SIM), Excel Code, Verplicht?, Verwijderen?, Keten, Afdelings KPI, Keten KPI, Tonen in Afdelingsplan?, Tonen in ketenplan?, Afdeling - L5, Read Access?, Write access?"
IM 19. DB/TS Items,SYSTEM,DB/TS items,Not Applicable,Not Applicable,Not Applicable,New Line Items: Off,Show All Users: On,28,,,,,,,,"Item, Export to AAC x UMD?"
MA 13. R&K Mapping,SYSTEM,Risico & Kansen kostensoorten,Not Applicable,Not Applicable,Not Applicable,New Line Items: Off,Show All Users: On,17,,,,,,,,R&k Soort
IM 19. COEA,SYSTEM,COEA,Not Applicable,Not Applicable,Not Applicable,New Line Items: Off,Show All Users: On,56,,,,,,"'└ DA 28a. Meerjarenplan Euros Driver Selectie', '└ DA 28a NEW. Meerjarenplan Euros Driver Selectie', 'IP 10. Verdeling naar kostenplaatsen', 'IP 10x2. NEW Handmatig Verdeling naar KP', '└ IP 10a. Verdeling naar grootboekrekening', '└ IP 10a NEW. Verdeling naar grootboekrekening', '└ IP 10b. Verdeling naar grootboekrekening - Import', '└ IP 10c. Selecteer seizoenspatroon', 'IP 28. BAK, Subsidie, Overige Omzet', '└CA 00a. SIP- Delta Analyse', 'CA 01. SIP - continued', 'CA 04. FTE naar COEA', 'CA 07. Variante SIP/MJP', 'CA 11. Verdeling naar Grootboekrekening overzicht', 'CA 21. Berekend UMDT op Activiteit', 'CA 23. Berekend UMDT op L3++ Thema''s', 'CA 29. MJP naar Afdelingen', 'CA 32. Toeslag Indirect MJP', 'CA 34. MJP naar thema''s', 'CA 34. MJP naar thema''s - Meerjarig', 'CA 39. Other Rekeningcategorie GBR', 'CA 61. Monthly allocation 5 years Opex/Capex', 'CA 62. MJP naar thema''s Opex/Capex', '└CA 41a. Netverder Inflatie - Naar rekeningcategori', 'CA 44. Inflatie Staging', '└ RP 06a. samenvatting COEA', '└ RP 06c.TOTEX Analyse', 'RP 16. MJP Inflatie', 'EX xx. Export plan to FSP'",,"Item, Name, Afdelingskosten?, EBIT?, COEA short code, Short code_COEA, Afdelingskosten, OPEX, CAPEX, EXTERN, -- Technical --, COEA - OPEX CAPEX, SS OPEX-CAPEX (only OP/CA), SS - COEA - zonder AFD, OPEX/CAPEX?"
IM 20. COEA-KP-ACC,SYSTEM,Uni-code COEA-MJP-ACC,Not Applicable,Not Applicable,Not Applicable,New Line Items: Off,Show All Users: On,79260,,,,,,"'IP 05. Seizoenspatronen', '└ IP 10c. Selecteer seizoenspatroon', '└ IP 10d. Calculatie seizoenspatronen', '└ CA 11a. Verdeling naar maand overzicht', '└ CA 11a NEW. Verdeling naar maand overzicht', 'CA 16. Controle Dekking Uren', 'CA 16 NEW. Controle Dekking COEA', '└CA 16a. Controle UMD vs Thema', 'CA 50. Monthly allocation key FSP', 'CA 54. Bezettingsresultaat en dekkingsgraad', 'RP 20. COEA tabel per kostenplaats', 'RP 29. P&L Overzicht', 'RP 27. Check report overview', 'RP 30. Controle DB en TS', 'RP 28. Controle Volledigheid GBR/Maand', '└ FI 07i. User Filters - COEA-KP-ACC', '└ FI 07an. User Filters MJP Versions - COEA-MJP-ACC'",,"ITEM, NAME, CODE, COEA, Afdeling, MJP Activiteit, Kostensoort, Rekeningcategorie, Account, --- Data Validation ---, First ""-"", Second ""-, Activiteit from Name, AN MJP, --- List Maintenance ---, Contains Data?, Delete?"
IM 24. Dummy Afdelingen,SYSTEM,Dummy Afdelingen,Not Applicable,Not Applicable,Not Applicable,New Line Items: Off,Show All Users: On,204,,,,,,"'IP 11. IC & Leenmonteurs input', 'IP 22. Create KPI_Afdeling', 'IP 26. Leenmmonteurs', 'CA 18. Invoer seizoenspatroon IC', 'RP 01. IC output', 'RP 25. Leenmonteur overview', 'RP 19. Risico & Kansen', '└ FI 07w. User Filters - Dummy Afdelingen', 'IM 18. KPI Informatie', 'IM 43. KPI_Afdeling', 'SEC 04. IC Afdelingen Access'",,"ITEM, Name, KPI Afdeling, IC?, Afdeling, Afdeling for code"
IM 26. SIP Planvarianten,SYSTEM,SIP Planvarianten,Not Applicable,Not Applicable,Not Applicable,New Line Items: Off,Show All Users: On,26,,,,,,,,"ITEM, Planjaar"
IM 27. Thema L3 Verrijking,SYSTEM,SIP Thema L3 MJP verrijking,Not Applicable,Not Applicable,Not Applicable,New Line Items: Off,Show All Users: On,312,,,,,,,,"ITEM, Parent, Delete?"
IM 29. User filter,SYSTEM,User Filters,Not Applicable,Not Applicable,Not Applicable,New Line Items: Off,Show All Users: On,14,,,,,,,,"Start, End"
IM 33. Rekeningcategorie,SYSTEM,Rekeningcategorie,Not Applicable,Not Applicable,Not Applicable,New Line Items: Off,Show All Users: On,148,,,,,,"'└ DA 28a. Meerjarenplan Euros Driver Selectie', '└ DA 28a NEW. Meerjarenplan Euros Driver Selectie', 'IP 10x2. NEW Handmatig Verdeling naar KP', '└ IP 10a NEW. Verdeling naar grootboekrekening', '└CA 41a. Netverder Inflatie - Naar rekeningcategori', 'RP 16. MJP Inflatie', '└ FI 07ba. User Filters - Rekeningcategorie', 'MA 06. NEW. COEA -> Rekeningcategorie', 'MA 15. COEA -> Rekeningcategorie', 'EX 01. Export plan to FSP'",,"Item, LIS 29, Totaallijn?, Activering?, Toeslag Direct?, Toeslag Indirect?, Uren?, Omzet?, Personeel?, IC?, niet cf IAS 16?, Uren & TD?, UMD?"
IM 34. SIP Activiteit L4,SYSTEM,SIP Activiteit L4,Not Applicable,Not Applicable,Not Applicable,New Line Items: Off,Show All Users: On,45543,,,,,,"'IM 35. SIP Subactiviteit L5', 'IM 37. SIP Activiteit L4 +', 'IM 38. Tafel L2', 'IM 39. Thema L3'",,"Item, Code, Name, Parent (Tafel), Parent (Thema), Afdeling, Afdeling (Version), Product E/G/O, OPEX/CAPEX, In scope SIP, --- Maintenance ---, Niet in SIP Hierarchy?, Geen SIP Q geladen in versie?, Geen Q uit SIP?, Check delete?, Delete Activiteit?, CF Delete, In scope SIP?, Delete niet in scope?, ---SIP Activiteit L4 PLUS---, COEA, SIP Activiteit L4 +, SIP Activiteit L4 + Code, AN SIP Activiteit L4 +, FO SIP Activiteit L4 +, Update SIP Activiteit L4 +, Count Activiteit L4 + Code"
IM 35. SIP Subactiviteit L5,SYSTEM,SIP Subactiviteit L5,Not Applicable,Not Applicable,Not Applicable,New Line Items: Off,Show All Users: On,11870,CHECK IF NEEDED,,,,,,,"Item, Code, Name, Parent (Tafel), Parent (Thema), Parent (Activiteit), Afdeling, Eenheid, OPEX / CAPEX, TEMP - Delete"
IM 36. SIP Subactiviteit L6,SYSTEM,SIP Subactiviteit L6,Not Applicable,Not Applicable,Not Applicable,New Line Items: Off,Show All Users: On,13035,CHECK IF NEEDED,,,,,,,"Item, Code, Name, Parent (Tafel), Parent (Thema), Parent (Activiteit L4), Parent (Activiteit L5), Afdeling, Eenheid, OPEX / CAPEX, Clear?"
IM 37. SIP Activiteit L4 +,SYSTEM,"MJP Versions L2, SIP Activiteit L4 +",Not Applicable,Not Applicable,Not Applicable,New Line Items: Off,Show All Users: On,1314213,,,,,,"'IP 13. UMDT op Activiteiten', 'IP 17. UMDT op Kostenplaats', 'IP 41. Input Activiteit L4+ split', 'CA 21. Berekend UMDT op Activiteit', '└ CA 21a. Allocatie naar Kostenplaats Activiteit L4+', '└ CA 21b. UMDT KPI''s', '└  CA 21d. Activiteit_kostenplaats combinatie', '└ CA 25a. FTE & Uurtarief input', '└CA 35g. Monthly allocation on thema L3', 'FI 10. Activiteit L4 + > Afdelingen', '└  FI 07m. User Filters - Activiteit L4 + (UMD)', 'FI 11. Activiteit L4 +', 'MA 12.  Afdeling op L4+'",,"Item, Code, Name, Tafel, Thema, Parent, Clear?, Afdeling SIP, Afdeling MJP Aanpassing, Afdeling Final, Selection list input, COEA, In scope SIP?, Delete niet in scope?, ---TECHNICAL---, Tafel L2 Filter, Thema L3 Filter, Afdeling Filter, Dummy List for UMD, SS - Activiteit L4+ UMD"
IM 38. Tafel L2,SYSTEM,SIP Tafel L2,Not Applicable,Not Applicable,Not Applicable,New Line Items: Off,Show All Users: On,84,,,,,,'└  FI 07l. User Filters - Tafel L2',,"ITEM, Code, --- Maintenance ---, Niet in SIP Hierarchy?, Geen Q uit SIP?, Check delete?, Delete Tafel?, CF Delete"
IM 39. Thema L3,SYSTEM,SIP Thema L3,Not Applicable,Not Applicable,Not Applicable,New Line Items: Off,Show All Users: On,1702,,,,,,"'CA 34. MJP naar thema''s', 'CA 34. MJP naar thema''s - Meerjarig', 'RP 13. UMDT - Afdeling', 'RP 15. UMDT - Afdeling E/G Regio OPEX', '└  FI 07t. User Filters - Thema', 'IM 41. Thema L3 ++', '└EX 01d. Export Tafel/Thema to FSP'",,"Item, Code, Name, L3+ Code, L3+ Name, AN L3+, L3+ Create?, Tafel L2, Werkstroom L1, Niet toegwezen?, --- Maintenance ---, Niet in SIP Hierarchy?, Geen Q uit SIP?, Check delete?, Delete Thema?, CF Delete, BLANK, Count, Count Total"
IM 40 Thema L3+,SYSTEM,SIP Thema L3+,Not Applicable,Not Applicable,Not Applicable,New Line Items: Off,Show All Users: On,1008,,,,,,'IM 41. Thema L3 ++',,"Item, Code, 1st  ""_"", 2nd ""_"", Display Name Upload, Display Name from Code, Display Name Final, Thema L3"
IM 41. Thema L3 ++,SYSTEM,SIP Thema L3++,Not Applicable,Not Applicable,Not Applicable,New Line Items: Off,Show All Users: On,5664,,,,,,"'IP 19. UMDT op L3++ Thema''s', 'IP 40. Input Thema L3++ split', '└CA 35f. Monthly allocation Thema L3++ to UMDT  to KP', '└CA 35g. Monthly allocation on thema L3', 'CA 42. Materiaal Staging Thema L3++', '└  FI 07r. User Filters - Thema L3++ & Afdeling', '└  FI 07t. User Filters - Thema L3++', 'MA 11. Afdeling op L3++'",,"AN Thema L3++, AN Thema L3, AN Thema L3+, AN Tafel L2, Thema L3, Thema L3+, Thema L3++, Code, 1st  ""_"", 2nd ""_"", Display Name Upload, Display Name from Code, Display Name Final, Consument filter, Extern Themas (Consument), AN Extern Thema, CODE Extern Thema, Parent Extern Thema, Create Extern Thema?, End user created, Extern?, Display name extern, Delete?, Summary Item"
IM 42. SPIN KPI's,SYSTEM,SPIN - KPI,Not Applicable,Not Applicable,Not Applicable,New Line Items: Off,Show All Users: On,4190,,,,,,,,"KPI ID, KPI Naam, Hoofdafdeling, Hoofd KPI in SPIN?, KPI Naam text"
IM 43. KPI_Afdeling,SYSTEM,KPI_Afdeling,Not Applicable,Not Applicable,Not Applicable,New Line Items: Off,Show All Users: On,443641,,,,,,"'IP 21. Input KPI''s - MJP', '└ IP 21a. Input KPI''s - Months', 'IP 22. Create KPI_Afdeling', 'IP 48. KPI report creation input', 'CA 28. KPI Admin per KPI', 'RP 18. KPI Waarde over years', '└ RP 18a. Powerpoint KPI''s Waarde', '└ RP 18b. Powerpoint KPI''s Master Data', 'RP 27. Check report overview', '└ FI 07v. User Filters - KPI_Afdelingen'",,"KPI ID, L - KPI Naam, New code, Number TEST, Afdeling, Afdeling L5, Omschrijving, L - Groepering L1, L - Categorie L2, L - YTD Berekening, L - Eenheid, Groepering L1, Categorie L2, YTD Berekening, KPI Naam, Eenheid, LE 25, BU 25, AC 24, AC 23, Content leverancier, Data Leverancier, Business Controller 1, Business Controller 2, Type Code, Typenaam, Frequentie, Oplevering datum, Strategisch thema, Ketenobjective, Metrics, Overige Rapportagepunten, Loaded from SPIN?, Aangemaakt door, Sortering, Sortering final, ---Technical---, SPIN - Groepering L1, SPIN - Groepering L2, SPIN - YTD Berekening, SPIN - Eenheid, Count, Hoofd KPI in SPIN?, Count SPIN, Verplicht?, Show in PPT?, Hoofdkpi?, Soort KPI, BSC Groep?, Keten BSC?, Afdeling BSC?, Jaarverslag?, Jaarplan?, Meerjarenplan?, Financieringsplan?, LTIP?, CSRD?, Duurzaamheidsverslag?, Monitoringsdashboard?, Strategisch Objective?, Ketenobjective?, Strategische KPI's?, Focus KPI's?, Monitorings KPI's?, Metric KPI's?, Overige Rappportagepunten?, Verwijder KPI?, ---User Filter---, Afdeling Filter, SPIN - KPI FIlter, KPI Cluster Filter, Fitler Verplicht KPI, ---Verplicht & Opleverdatum deduction---, Is Strategisch objective?, Is Ketenobjective?, Is Keten BSC?, Is Afdeling BSC?, Is Strategische kpi's?, Is Focus kpi's?, Is Monitoring kpi's?, In Meerjarenplan?, In Financieringsplan?, Is LTIP kpi's?, In Jaarverslag?, In Jaarplan?, Is Metrics?, Is Overige Rapportagepunten?, Is CSRD?, Is Duurzaamheidsverslag?, Is Monitoringsdashboard?, ---KPI for dashboarding---, Verplicht, BSC Groep, Afdeling BSC, Focus KPI, Strategische KPI, Monitoring KPI, -- Technical --, DCA - Read, DCA - Write, Write access Show in PPT?, Count verwijderen, Dummy, Count total DB, Count total, Verplicht ANY, Due Date MIN, Format Verwijder KPI, KPI nummering, MAX KPI nummering, Format input, Write access - not in SPIN"
IM 44 LIS (CA 24) Kostencategorieen voor Uurtariefen,SYSTEM,LIS (CA 24) Kostencategorieen voor Uurtariefen,Not Applicable,Not Applicable,Not Applicable,New Line Items: Off,Show All Users: On,160,,,,,,"'CA 25. MJP Uren uitvoeringskosten', 'CA 56. Opslag per uur', 'RP 27. Check report overview'",,"Totaal niet cf IAS 16, Totaal kosten, Totaal Kosten excl niet cf IAS 16, v2, Item, Name, Mapping for CA 25"
IM 45 LIS (CA 24) Kostencategorieen voor Uurtariefen no time,SYSTEM,LIS (CA 24) Kostencategorieen voor Uurtariefen no time,Not Applicable,Not Applicable,Not Applicable,New Line Items: Off,Show All Users: On,66,,,,,,'CA 25. Budget Uren uitvoeringskosten',,"Totaal niet cf IAS 16, Totaal kosten, Totaal Kosten excl niet cf IAS 16"
IM 46. Regio,SYSTEM,Regio,Not Applicable,Not Applicable,Not Applicable,New Line Items: Off,Show All Users: On,5,,,,,,'└ FI 07bd. User Filters - Regio',,Item
IM 47. Prestatiesoorten,SYSTEM,F2 Prestatiesoorten,Not Applicable,Not Applicable,Not Applicable,New Line Items: Off,Show All Users: On,489,,,,,,"'IP 38. Loonkosten prestatiesoort', 'EX 07. Uurtarief export to Data Hub Subafdeling', 'EX 08. Uurtarief export to Data Hub Afdeling'",,"Item, Display Name, Code"
IM 52. LIS Budgetitems,SYSTEM,LIS (DA45) Budgetitems,Not Applicable,Not Applicable,Not Applicable,New Line Items: Off,Show All Users: On,33,,,,,,"'└ IP 10a. Verdeling naar grootboekrekening', '└ IP 10b. Verdeling naar grootboekrekening - Import', 'CA 11. Verdeling naar Grootboekrekening overzicht', 'CA 17. Controle Volledigheid KP/GBR/Maand/Thema', 'SEC 03. Subset Account L12 - Budget Access'",,"Summing Item, Mapping kostensoorten, Mapping Rekeningcategorie"
IM 59. Datum proces run,SYSTEM,,Not Applicable,Not Applicable,Not Applicable,New Line Items: Off,Show All Users: On,6,,,,,,,,"Import SIP Anaplan into MJP, Update Organisatie structuur, Update BPC Data, Update Parameters, Update Account lijst, Update Hierarchies"
IM 60. Period dummy values,SYSTEM,Dummy Period,Not Applicable,Not Applicable,Not Applicable,New Line Items: Off,Show All Users: On,13,,,,,,'DA 31. Historical data SAP BPC',,Numerical value
IM 61. IKT items,SYSTEM,IKT items,Not Applicable,Not Applicable,Not Applicable,New Line Items: Off,Show All Users: On,10,,,,,,,,"Item, Code"
IM 62 Kostenplaats,SYSTEM,MJP Kostenplaats L7,Not Applicable,Not Applicable,Not Applicable,New Line Items: Off,Show All Users: On,16812,,,,,,"'└ IP 10a. Verdeling naar grootboekrekening', '└ IP 10a NEW. Verdeling naar grootboekrekening', '└ IP 10b. Verdeling naar grootboekrekening - Import', '└IP 28a. BAK, Subsidie Meerjarig', 'IP 35. Personeelskosten handmatig naar grootboekrekening', 'CA 20. Toeslag Direct', '└ CA 21a. Allocatie naar Kostenplaats Activiteit L4+', '└ CA 21a NEW. Allocatie naar CC Activiteit L4+ - Copy', '└  CA 21d. Activiteit_kostenplaats combinatie', '└ CA 22c. Collect indirecte toeslagen', '└  CA 23a. Allocatie naar Kostenplaats Thema L3 +', 'CA 26. Calculatie Toeslag Indirect', '└CA 35f. Monthly allocation Thema L3++ to UMDT  to KP', 'CA 36. Doorbelastingen naar Maand', 'CA 38. Toeslagen GBR', 'CA 42. Materiaal Staging Thema L3++', 'RP 14. UMDT - Kostenplaats', '└ FI 07a. User Filters - MJP Drivers L6', '└ FI 07b. User Filters - MJP Drivers L6 & Time', 'MA 07. Kostenplaats L7 Aggregation mapping - Version based'",,"ITEM, Name Kostenplaats, Code Kostenplaats, Code_Kostenplaats, Subafdeling, Afdeling, Afdeling from Budget SS, Value in actuals?, Value in budget?, Logic 22?, Filter Create Active SS, Add to Budget SS?, Filter Create Budget SS, Always False, SS Kostenplaats Active?, SS Kostenplaats Budget?, Parent delete?, Filter Active, Filter Budget"
IM 63. DB/TS,SYSTEM,DB/TS items,Not Applicable,Not Applicable,Not Applicable,New Line Items: Off,Show All Users: On,112,,,,,,"'IP 16. Invoer DB/TS kosten', 'IP 18. Doorbelasting & Toeslagen split', 'CA 33. Toeslag indirect dekkings controle', 'CA 36. Doorbelastingen naar Maand'",,"ITEM, Name, Doorbelasting?, Toeslag?, Indirecte toeslag?, Handmatig?, Percentage?, Summing Item"
IM 64. Eenheid,SYSTEM,Eenheid,Not Applicable,Not Applicable,Not Applicable,New Line Items: Off,Show All Users: On,1,,,,,,"'IP 13. UMDT op Activiteiten', 'IP 19. UMDT op L3++ Thema''s', 'CA 21. Berekend UMDT op Activiteit', 'CA 23. Berekend UMDT op L3++ Thema''s'",,AN Stelpost
IM 65. Activiteit L4+_Kostenplaats,SYSTEM,Activiteit_Kostenplaats,Not Applicable,Not Applicable,Not Applicable,New Line Items: Off,Show All Users: On,556,,,,,,"'└CA 35c. Monthly allocation Activity L4+ to UMDT - Copy', 'CA 38. Toeslagen GBR', 'CA 43. Materiaal Staging Activiteit L4+', '└ FI 07ai. User Filters - Activiteit_kostenplaats'",,"Activiteit L4+, Kostenplaats, Afdeling, Summary Item"
IM 99. Afdelingskosten Split,SYSTEM,Drivers GBR,Not Applicable,Not Applicable,Not Applicable,New Line Items: Off,Show All Users: On,4,HV: Migrate to Lookup module,,,,,'└ IP 10a. Verdeling naar grootboekrekening',,"Actuals, Laatste MJP, Vrije Invoer, Automatische Allocatie"
IM 66. OPEX/CAPEX,SYSTEM,OPEX CAPEX,Not Applicable,Not Applicable,Not Applicable,New Line Items: Off,Show All Users: On,20,,,,,,"'CA 40. BAK Inflatie + Meerjarig', 'EX 01. Export plan to FSP', '└EX 01a. Export plan to FSP - BAK'",,"ITEM, OPEX?, CAPEX?, OPEX BAK?, CAPEX BAK?"
IM 67. LIS (IP 10d) Waarde Selectie,SYSTEM,LIS (IP 10d) Waarde Selectie,Not Applicable,Not Applicable,Not Applicable,New Line Items: Off,Show All Users: On,4,?,,,,,'└ FI 07z. User Filters - Inflation Selection IP10d',,"Item, Incl. inflation?"
IM 68. LIS (RP 20) Waarde Selectie,SYSTEM,LIS (RP 20) Waarde Selectie,Not Applicable,Not Applicable,Not Applicable,New Line Items: Off,Show All Users: On,4,?,,,,,'└ FI 07ab. User Filters - Inflation Selection RP20',,"Item, Incl. Inflatie?"
IM 69. Inflatie,SYSTEM,Inflatie excl/incl,Not Applicable,Not Applicable,Not Applicable,New Line Items: Off,Show All Users: On,4,,,,,,"'CA 07. Variante SIP/MJP', 'CA 54. Bezettingsresultaat en dekkingsgraad', '└ RP 06c.TOTEX Analyse', 'RP 29. P&L Overzicht', 'RP 30. Controle DB en TS'",,"Item, Inc Inflatie?"
IM 70. Kostensoort (Inflatie Mapping),SYSTEM,Kostensoort,Not Applicable,Not Applicable,Not Applicable,New Line Items: Off,Show All Users: On,14,,,,,,"'└ IP 16b. Invoer DB/TS Inflatie', '└DA 03b. Inflatie ( Merge)'",,"Mapping naar Kostensoort (cumulatief), Mapping naar Kostensoort"
IM 71. Support List Dep,SYSTEM,Support list dep,Not Applicable,Not Applicable,Not Applicable,New Line Items: Off,Show All Users: On,5,HV: TBC but if needed this is an IM module.,,,,,'LO 01. Load SIP',4.2 SIP Import,Map to
IM 72. IAS 16 Inflatie,SYSTEM,IAS16 kosten,Not Applicable,Not Applicable,Not Applicable,New Line Items: Off,Show All Users: On,16,,,,,,'IP 02. IAS16 kosten (cumulatief)',,"Inflatie, Inflatie YOY"
IM 73. Mapping DA 45 -> Kostencategorie,SYSTEM,LIS (DA45) Budgetitems,Not Applicable,Not Applicable,Not Applicable,New Line Items: Off,Show All Users: On,22,HV: Delete after LIS removal.,,,,,'CA 11. Verdeling naar Grootboekrekening overzicht',,"Mapping, TS/DB/IC?"
IM 74. LIS CA21 Mappings,SYSTEM,LIS (CA 21) UMD - Activiteit L4+,Not Applicable,Not Applicable,Not Applicable,New Line Items: Off,Show All Users: On,60,,,,,,"'└CA 16a. Controle UMD vs Thema', '└ CA 21a. Allocatie naar Kostenplaats Activiteit L4+', '└ CA 21c. UMDT + Inflatie (L4+)', 'CA 39. Other Rekeningcategorie GBR'",,"Rekeningcategorie, Rekeningcategorie Inflatie, Account L12, UMDT sum, Dummy"
IM 75. LIS CA23 Mappings,SYSTEM,LIS (CA 23) UMD - Thema's L3 +,Not Applicable,Not Applicable,Not Applicable,New Line Items: Off,Show All Users: On,65,,,,,,"'└CA 16a. Controle UMD vs Thema', '└  CA 23a. Allocatie naar Kostenplaats Thema L3 +', '└ CA 23c. UMDT + Inflatie (L3+)', 'CA 39. Other Rekeningcategorie GBR'",,"Rekeningcategorie, Rekeningcategorie Inflatie, Account L12, UMDT optelling, Dummy"
IM 76. Grouping SAP BPC to COEA,SYSTEM,Soort (SAP BPC),Not Applicable,Not Applicable,Not Applicable,New Line Items: Off,Show All Users: On,13,"HV: TBC but if needed but since this is not published anywhere (users dont have access) and its a one dimension thing, I suggest migrating this to its IM module.",,,,,'DA 31. Historical data SAP BPC',,COEA
IM 77. UMDT Items to CA21 SS & CA 23 SS,SYSTEM,UMDT Items,Not Applicable,Not Applicable,Not Applicable,New Line Items: Off,Show All Users: On,22,"HV: Since this is not published anywhere (users dont have access) and its a one dimension thing, I suggest reclassifying this as IM module.",,,,,"'CA 52. UMDT - Thema Regio EG', 'CA 53. UMDT - Activiteit Regio EG', 'RP 13. UMDT - Afdeling'",,"Mapping to CA 21 SS, Mapping to CA 23 SS"
⠀⠀⠀       ◼️ Mapping Modules,,,Not Applicable,Not Applicable,Not Applicable,New Line Items: Off,Show All Users: On,0,HV: Flat modules and not LIS should probably be in IM modules,,,,,,,
== Keep ==,,,Not Applicable,Not Applicable,Not Applicable,New Line Items: Off,Show All Users: On,0,HV: Remove after cleanup.,,,,,,,
MA 01. SPIN -  Organisatie -> Afdeling L5,SYSTEM,SPIN - Organisatie,Not Applicable,Not Applicable,Not Applicable,New Line Items: Off,Show All Users: On,828,,,,,,"'LO 09. Load SPIN KPI Data', 'DA 12. Load Waardes from SPIN'",,"Organisatie, Organisatie TXT, Afdeling, New Afdeling Mapping, Afdeling Final, ---Filter---, Afdeling Unmapped?"
MA 02. Mapping Thema verrijking -> SIP,SYSTEM,SIP Thema L3,Not Applicable,Not Applicable,Not Applicable,New Line Items: Off,Show All Users: On,297,,,,,,"'└ RP 10a. MJP CAPEX - Specificatie', '└ RP 11a. MJP OPEX - Specificatie', '└ RP 12a. MJP Extern - Specificatie'",,"Mapping RP10a, Mapping RP11a, Mapping RP12a"
MA 03. LIS DA04 to Rekeningcategorie,SYSTEM,Rekeningcategorie,Not Applicable,Not Applicable,Not Applicable,New Line Items: Off,Show All Users: On,72,,,,,,'CA 01. SIP - continued',,"LIS DA04 (cumulatief), LIS DA04, Inflatie, Dummy, CA 21, CA 23"
MA 04. Mapping Rekeningcategorie naar COEA,SYSTEM,"Rekeningcategorie, COEA",Not Applicable,Not Applicable,Not Applicable,New Line Items: Off,Show All Users: On,192,,,,,,'IP 10x2. NEW Handmatig Verdeling naar KP',,"Show?, Automatic allocation?, Filters for allocation, Handmatig in Mapping?, Berekend in Mapping?"
MA 05. Automatische allocatie,SYSTEM,"MJP Versions L2, COEA, Rekeningcategorie",Not Applicable,Not Applicable,Not Applicable,New Line Items: Off,Show All Users: On,96,RM: Used for allocation to Season in IP05 and to GBR in CA11.,,,,,"'└ IP 10c. Selecteer seizoenspatroon', 'CA 11 NEW. Verdeling naar Grootboekrekening'",,Automatische allocatie?
MA 06. NEW. COEA -> Rekeningcategorie,SYSTEM,"COEA, Rekeningcategorie, LIS (IP 10new)",Not Applicable,Not Applicable,Not Applicable,New Line Items: Off,Show All Users: On,339,RM: Used for allocation to KP in IP10.,,,,,'MA 04. Mapping Rekeningcategorie naar COEA',,"Mapping, Mapping incl Totaal"
MA 07. Kostenplaats L7 Aggregation mapping - Version based,SYSTEM,"MJP Versions L2, SS Kostenplaats L7 - Active",Not Applicable,Not Applicable,Not Applicable,New Line Items: Off,Show All Users: On,159985,,,,,,'└ DA 31b.  Historical Data Aggregated',,"Item, Parent, Overwrite, Final Grouping, Has value?, ---Technical---, Kostenplaats L7 Active - Write access, Kostenplaats L7 Budget?, Aanwezig in budget?, KPI - Niet toegewezen Kostenplaats, Filter - Niet toegewezen Kostenplaats, Format input Budget, Format input"
MA 08. Acount L12 aggregation mapping,SYSTEM,SS - Account L12 - Active,Not Applicable,Not Applicable,Not Applicable,New Line Items: Off,Show All Users: On,3760,,,,,,'└ DA 31b.  Historical Data Aggregated',,"Item, Loaded Grouping, Loaded Grouping text, Overwrite, Has value, ---Technical---, Final Grouping, Property, Part of Subset?, Filter dashboard, Filter parent, Account L12 active - write acess, Is budget?, Aanwezig in budget?, Format input"
MA 09. Account L12 aggregation mapping - Version based,SYSTEM,"MJP Versions L2, SS - Account L12 - Active",Not Applicable,Not Applicable,Not Applicable,New Line Items: Off,Show All Users: On,46460,,,,,,'└ DA 31b.  Historical Data Aggregated',,"Item, Loaded Grouping, Loaded Grouping text, Overwrite, Has value, TECH, Final Grouping, Property, Part of Subset?, Filter dashboard, Filter parent, Account L12 active - write acess, Is budget?, Aanwezig in budget?, KPI - Niet toegewezen Account, Filter - Niet toegewezen Account, Format input Budget, Format input"
MA 10. Afdeling op Thema's of Activiteiten,SYSTEM,"MJP Versions L2, SIP Thema L3, SS Afdeling L5 - OPS (SIP)",Not Applicable,Not Applicable,Not Applicable,New Line Items: Off,Show All Users: On,23988,,,,,,"'FI 11. Activiteit L4 +', 'MA 11. Afdeling op L3++', 'MA 12.  Afdeling op L4+'",,"Planningsniveau - SIP Thema L3, Planningsniveau - SIP Activiteit L4, TECH, Afdeling, Filter Themas in Afdeling, Show valid combinations?, Format input"
MA 11. Afdeling op L3++,SYSTEM,"MJP Versions L2, SIP Thema L3++, SS Afdeling L5 - OPS (SIP)",Not Applicable,Not Applicable,Not Applicable,New Line Items: Off,Show All Users: On,2329496,,,,,,"'IP 19. UMDT op L3++ Thema''s', '└  FI 07r. User Filters - Thema L3++ & Afdeling'",,"Sip Thema L3, Default planning, Exclude?, Afdeling, Filter Themas L3++ in afdeling (old), Show selected Thema L3, Filter Themas L3++ in afdeling, Filter Valid Combinations, Format input"
MA 12.  Afdeling op L4+,SYSTEM,"MJP Versions L2, SIP Activiteit L4 +, SS Afdeling L5 - OPS (SIP)",Not Applicable,Not Applicable,Not Applicable,New Line Items: Off,Show All Users: On,895533,,,,,,'FI 11. Activiteit L4 +',,"Sip Thema L3, Default planning, Default Planning User Filter"
== Adjust ==,,,Not Applicable,Not Applicable,Not Applicable,New Line Items: Off,Show All Users: On,0,HV: Remove after cleanup.,,,,,,,
MA 15. COEA -> Rekeningcategorie,SYSTEM,"COEA, Rekeningcategorie, LIS (IP 10) Filter",Not Applicable,Not Applicable,Not Applicable,New Line Items: Off,Show All Users: On,435,HV: Delete after LIS removal.,,,,,'IP 10. Verdeling naar kostenplaatsen',,"Mapping, Berekend in Mapping?, Handmatig in Mapping?, Mapping incl Totaal"
MA 58. UMD to Toeslag Indirect,SYSTEM,SS Rekeningcategorie - UMD,Not Applicable,Not Applicable,Not Applicable,New Line Items: Off,Show All Users: On,3,"HV: Since this is not published anywhere (users dont have access) and its a one dimension thing, I suggest migrating this to its IM module.",,,,,'CA 26. Calculatie Toeslag Indirect',,Mapping UMD
MA 59.TS -> CA22a,SYSTEM,SS DB/TS - Toeslagen,Not Applicable,Not Applicable,Not Applicable,New Line Items: Off,Show All Users: On,6,"HV: Since this is not published anywhere (users dont have access) and its a one dimension thing, I suggest migrating this to its IM module.",,,,,'└ IP 16c. Toeslagen percentages',,CA 22a
MA 61. Kostenplaats L7 Aggregation mapping,SYSTEM,SS Kostenplaats L7 - Active,Not Applicable,Not Applicable,Not Applicable,New Line Items: Off,Show All Users: On,5442,"HV: Since this is not published anywhere (users dont have access) and its a one dimension thing, I suggest migrating this to its IM module.",,,,,'└ DA 31b.  Historical Data Aggregated',,"Item, Overwrite, Final Grouping, Has value?, ---Technical---, Kostenplaats L7 Active - Write access, Kostenplaats L7 Budget?, Aanwezig in budget?, Format input, Format input Budget"
MA 62. Dummy IC,SYSTEM,Account L12 Flat - IC,Not Applicable,Not Applicable,Not Applicable,New Line Items: Off,Show All Users: On,9,HV: Not being referrenced not published. Remove.,,,,,,,"Name, Code, L12"
MA 63. LIS (CA 29) MJP to rekeningcategorie,SYSTEM,LIS (CA 29) MJP,Not Applicable,Not Applicable,Not Applicable,New Line Items: Off,Show All Users: On,13,"HV: Since this is not published anywhere (users dont have access) and its a one dimension thing, I suggest recategorizing this module as an IM module.",,,,,"'CA 01. SIP - continued', 'RP 16. MJP Inflatie', 'EX xx. Export plan to FSP'",,Rekeningcategorie
MA 63 LIS CA22a to DB/TS Items,SYSTEM,LIS (CA 22a) Indirecte toeslagen,Not Applicable,Not Applicable,Not Applicable,New Line Items: Off,Show All Users: On,18,"HV: Since this is not published anywhere (users dont have access) and its a one dimension thing, I suggest recategorizing this module as an IM module.",,,,,'└ CA 22c. Collect indirecte toeslagen',,"Mapping, Mapping #2"
MA 64 LIS CA 29 to Rekeningcategorie,SYSTEM,LIS (CA 29) MJP,Not Applicable,Not Applicable,Not Applicable,New Line Items: Off,Show All Users: On,13,"HV: Since this is not published anywhere (users dont have access) and its a one dimension thing, I suggest recategorizing this module as an IM module.",,,,,"'CA 46 Cost + Inflatie', 'RP 16. MJP Inflatie'",,Mapping
MA 60. LIS (CA 29) MJP to LIS (DA 04) cumulative,SYSTEM,LIS (CA 29) MJP,Not Applicable,Not Applicable,Not Applicable,New Line Items: Off,Show All Users: On,65,"HV: Since this is not published anywhere (users dont have access) and its a one dimension thing, I suggest recategorizing this module as an IM module.",,,,,"'└CA 41a. Netverder Inflatie - Naar rekeningcategori', 'RP 16. MJP Inflatie'",,"Mapping, TOTEX, EBITDA, Netverder, TOTEX exclusief toeslagen"
MA 66. LIS CA 24 KC voor Uurtariefen,SYSTEM,LIS (CA 24) Kostencategorieen voor Uurtariefen,Not Applicable,Not Applicable,Not Applicable,New Line Items: Off,Show All Users: On,24,HV: Not being referrenced not published. Remove.,,,,,,,Mapping CA 24 MJP to Budget
⠀⠀⠀       ◼️ Settings,,,Not Applicable,Not Applicable,Not Applicable,New Line Items: Off,Show All Users: On,0,,,,,,,,
SET 01. Import Scenario Settings,SYSTEM,MJP Versions L2,Year,Model Calendar,Not Applicable,New Line Items: Off,Show All Users: On,2098,,,,,,"'DA 28. Meerjarenplan Euros per jaar', 'DA 29. Meerjarenplan FTEs per jaar', '└ DA 29a. Meerjarenplan FTEs Driver Selectie', 'IP 02. IAS16 kosten (cumulatief)', '└ IP 10f. - Gemiddeld tarief FTE per kostenplaatsen', '└ IP 10f. NEW - Jaar FTE tarief/uren per KP', '└ IP 16b. Invoer DB/TS Inflatie', '└IP 28a. BAK, Subsidie Meerjarig', 'IP 31. Netverder', 'IP 32. Urenschrijvende FTE''s', '└CA 00a. SIP- Delta Analyse', 'CA 01. SIP - continued', 'CA 04. FTE naar COEA', 'CA 06. FTE kosten MJP', 'CA 11. Verdeling naar Grootboekrekening overzicht', 'CA 11 NEW. Verdeling naar Grootboekrekening', 'CA 22. Berekening Doorbelastingen', '└ CA 22a. Berekening toeslagen', '└ CA 22a. Berekening toeslagen - Copy', 'CA 24. MJP Kosten uren uitvoeringskosten', 'CA 25. MJP Uren uitvoeringskosten', 'CA 26. Calculatie Toeslag Indirect', 'CA 34. MJP naar thema''s', 'CA 34. MJP naar thema''s - Meerjarig', 'DA 04. Parameters FSP', 'DA 03. Inflatie', 'CA 40. BAK Inflatie + Meerjarig', 'CA 41. Netverder Inflatie', 'RP 06. samenvatting MJP', '└ RP 06c.TOTEX Analyse', 'RP 08. Formatie MJP', 'RP 09. Afdelingskosten', 'RP 27. Check report overview', 'FI 03. User Filter Years II', 'FI 01. Select Versie Budget', '└ SET 01a. Import Scenario Settings Monthly', '└ SET 01b. Import Scenario Dashboard Settings', 'SET 02. Tijd Settings - Maand', 'SE 02. Filter Settings Staven', 'SET 03. Tijd Settings - Jaar', 'EX 06. Export inflatie to Datahub', 'EX xx. Export plan to FSP', '└EX 01a. Export plan to FSP - BAK'","1.4 Input Staven, 1.6 Input Operations non SIP","ITEM(TIME) Y, Vorig Jaar, Select Import Scenario, Select Import Scenario for Export, Data Type, Data Type - FC Period, Input - Period, Input Dashboard, Input dashboard Operations - overig, FC period?, FC Period Long TR?, > MJP Period?, FC Period FSP?, FC Period FSP? and NOT BUD?, Historic Period?, FY 23?, FY 24?, Future Period?, Future period? Not FC Period?, Future period? Not FC + 15 period?, Future period? Not FC + 30 period?, Last month in year, ACT?, Last ACT?, Last ACT -1?, BUD?, MJP?, Historic? 0/1, Budget Year, FC Time 0, Start of model - Year, FC 1 Time, FC 1, FC -1, Count FC - 1, FC -2, Count FC, Format, Count, Start of model, Budget scenario, test, FSP Period, MJP period?, LTIP Period"
└ SET 01a. Import Scenario Settings Monthly,SYSTEM,MJP Versions L2,Month,Model Calendar,Not Applicable,New Line Items: Off,Show All Users: On,25629,,,,,,"'IP 05. Seizoenspatronen', '└ IP 10d. Calculatie seizoenspatronen', 'CA 54. Bezettingsresultaat en dekkingsgraad', 'RP 07. formatie ontwikkeling', 'RP 30. Controle DB en TS', '└ SET 01c. Import Scenatio Dashboard Settings Monthly', 'SET 08. Tijd x Version x Dummy', '└EX 01a. Export netverliezen to FSP'",,"Time (Y), Time, Select Import Scenario, Data Type, Data Type - FC Period, Input - Period, Input Dashboard, Input dashboard Operations - overig, FC period?, Historic Period?, Future Period?, Future Period OR BUD?, Future period? Not FC Period?, Future period? Not FC + 15 period?, Future period? Not FC + 30 period?, ACT?, Last ACT?, BUD?, BUD Months Only?, MJP?, Month, Dec?, December, Dec BUD?, FTE dashboard TR, Historic? 0/1, Budget Year, FC Time 0, Start of model - Year, FC 1 Time, FC 1, FC -1, Count FC - 1, FC -2, Count FC, Format, Count, Start of model, Budget scenario, test, FSP Period, Kwartalen, Previous Version Month, Current Version Startjaar, Previous Version Startjaar, Delta Startjaar huidig - vorig"
└ SET 01b. Import Scenario Dashboard Settings,SYSTEM,"MJP Versions L2, Import Scenario",Year,TR MJP,Not Applicable,New Line Items: Off,Show All Users: On,3252,,,,,,"'└ RP 06b. Variantie Analyse', '└ RP 07a. Variantie Analyse', '└ RP 08a. Variantie Analyse', '└ RP 18a. Powerpoint KPI''s Waarde', '└ FI 07ag. User Filters - Suppress Zeroes OPEX', '└ FI 07ah. User Filters - Suppress Zeroes CAPEX'",,"Show? Ex inflation, Show? With summary, Show? Inc and Ex inflation, Show? Inc Inflation, Import scenario for export?, Import scenario for export months?, Show? Months, Show? Without Budget Ex Inflation, Show? Without Budget Inc Inflation, Show? Without Budget Inc and Ex Inflation, Show? Netverder, Show? Historic no Budget"
└ SET 01c. Import Scenatio Dashboard Settings Monthly,SYSTEM,"MJP Versions L2, Import Scenario",Month,TR formatie ontwikkeling,Not Applicable,New Line Items: Off,Show All Users: On,480,,,,,,,,Kwartalen
SET 02. Tijd Settings - Maand,SYSTEM,,Month,Model Calendar,Not Applicable,New Line Items: Off,Show All Users: On,2289,,,,,,"'IP 05. Seizoenspatronen', '└ IP 10d. Calculatie seizoenspatronen', '└ IP 11a. Invoer seizoenspatroon IC handmatig', '└ IP 18b. Seizoenspatronen Calculatie Maand', 'CA 18. Invoer seizoenspatroon IC', '└ CA 22c. Collect indirecte toeslagen', 'CA 51. Monthly allocation 5 years', 'CA 59. IKT', 'RP 07. formatie ontwikkeling', '└ RP 07a. Variantie Analyse', '└ SET 01a. Import Scenario Settings Monthly', '└ SET 01b. Import Scenario Dashboard Settings', 'SET 08. Tijd x Version x Dummy', 'EX 01. Export plan to FSP', '└EX 01a. Export netverliezen to FSP'",,"YEAR, December, MONTH - ITEM(time), PY, PY Month, Y-2 Month, NY Month, Month Value, Dummy Month, Show budget?"
SE 02. Filter Settings Staven,SYSTEM,MJP Versions L2,Not Applicable,Not Applicable,Not Applicable,New Line Items: Off,Show All Users: On,10,HV: Filter module,,,,,'FI.05. Filter Input MJP',,"Show From, Show Until, Number of Years forecast, Show form Input, Show until Input"
SET 03. Tijd Settings - Jaar,SYSTEM,,Year,Model Calendar,Not Applicable,New Line Items: Off,Show All Users: On,127,,,,,,"'DA 28. Meerjarenplan Euros per jaar', 'CA 05. Risico & Kansen', 'RP 17. KPI Waarde report creation', 'RP 18. KPI Waarde over years', 'SET 07. Tijd x Version'",,"Tijd, December, ITEM, Previous Year, MJP Years?, Current Year, Current Year?"
SE 03. Budget settings,SYSTEM,MJP Versions L2,Not Applicable,Not Applicable,Not Applicable,New Line Items: Off,Show All Users: On,4,HV: Merge with SET 05,,,,,,,"Afwijkingspercentage, Afwijking % -  COEA, Afwijking % - Formatie"
SET 04. Datum Settings,SYSTEM,,Not Applicable,Not Applicable,Not Applicable,New Line Items: Off,Show All Users: On,4,HV: SET 01,,,,,"'IP 22. Create KPI_Afdeling', 'IM 43. KPI_Afdeling', 'SET 03. Tijd Settings - Jaar'",,"Huidige Datum, Huidige Maand, Huidig Jaar, Datum for code"
SET 04. Datum vandaag (Cloudworks),SYSTEM,Dummy vandaag,Not Applicable,Not Applicable,Not Applicable,New Line Items: Off,Show All Users: On,8,,,,,,"'SET 04. Datum Settings', 'EX 01. Export plan to FSP'",,"MAIN datum, MAIN datum +1, MAIN integratie mislukt?, BACKUP datum, BACKUP datum +1, BACKUP integratie mislukt?, Datum van vandaag - dummy, Datum van vandaag"
SET 05. MJP Version Control,SYSTEM,MJP Versions L2,Not Applicable,Not Applicable,Not Applicable,New Line Items: Off,Show All Users: On,44,,,,,,"'DA 01. Total Plan SIP', 'DA 28. Meerjarenplan Euros per jaar', 'DA 29. Meerjarenplan FTEs per jaar', '└ DA 29a. Meerjarenplan FTEs Driver Selectie', '└IP 02a. IAS16 naar maanden', 'IP 05. Seizoenspatronen', 'IP 10. Verdeling naar kostenplaatsen', 'IP 10x1. NEW Afdelingkosten naar KP', '└ IP 10a. Verdeling naar grootboekrekening', '└ IP 10a NEW. Verdeling naar grootboekrekening', '└ IP 10c. Selecteer seizoenspatroon', '└ IP 10d. Calculatie seizoenspatronen', '└ IP 10f. - Gemiddeld tarief FTE per kostenplaatsen', '└ IP 10f. NEW - Jaar FTE tarief/uren per KP', 'IP 25.  IC allocation naar kostenplaats', 'IP 40. Input Thema L3++ split', 'IP 41. Input Activiteit L4+ split', 'CA 00. SIP Adjusted', '└CA 00a. SIP- Delta Analyse', 'CA 05. Risico & Kansen', 'CA 06. FTE kosten MJP', 'CA 11. Verdeling naar Grootboekrekening overzicht', 'CA 11 NEW. Verdeling naar Grootboekrekening', '└ CA 11a. Verdeling naar maand overzicht', '└ CA 11a NEW. Verdeling naar maand overzicht', 'CA 14. FTE Versie Variance', 'CA 19. Rekeningcategorie Allocatie', 'CA 20. Toeslag Direct', 'CA 21. Berekend UMDT op Activiteit', '└ CA 21c. UMDT + Inflatie (L4+)', 'CA 23. Berekend UMDT op L3++ Thema''s', '└ CA 23c. UMDT + Inflatie (L3+)', 'CA 24. Budget Kosten uren uitvoeringskosten-TBD', '└ CA 25a. FTE & Uurtarief input', 'CA 30. DB/TS naar Kostenplaats', 'CA 38. Toeslagen GBR', 'CA 50. Monthly allocation key FSP', 'CA 59. IKT', 'CA 99. Samenvatting', '└ RP 06a. samenvatting COEA', 'RP 17. KPI Waarde report creation', 'RP 18. KPI Waarde over years', 'RP 21. COEA Versie Variance Totals', 'RP 22. COEA Versie Variance', 'RP 24. FTE Versie Variance Totals', 'RP 27. Check report overview', 'FI 04. Read-Only', 'IM 34. SIP Activiteit L4', 'SET 01. Import Scenario Settings', '└ SET 01a. Import Scenario Settings Monthly', 'SET 07. Tijd x Version', 'EX 01. Export plan to FSP', '└EX 01a. Export netverliezen to FSP', '└EX 01b. Export IKT Data  to FSP', '└EX 01c. Export IKT growth  to FSP', '└EX 01d. Export Tafel/Thema to FSP', 'EX xx. Export plan to FSP', '└EX 01a. Export plan to FSP - BAK', '└EX 01b. Export plan to FSP - % Personeelkosten', 'SEC 03. Subset Account L12 - Budget Access'","3.1 Output Staven, 3.2 Output Operations (SIP), 3.3 Output Operations (Non SIP), 5.2 Versie Control","Item, Name, Code, Filter, Delete?, Export FSP versie?, Export versie FSP, Vorige versie MJP?, SIP Planvariant, SIP planvariant LTF, Format, Vorige versie, Lock yearly input, Huidig Jaar, Vorig Jaar, Startjaar MJP, Eindjaar MJP, LE, Model 03-26, Summing Item, --- Technical ---, CF"
SET 06. Version copy control,SYSTEM,,Not Applicable,Not Applicable,Not Applicable,New Line Items: Off,Show All Users: On,2,HV: Merge with datum settings,,,,,'LO 08. Import SIP Euro',,"Select source version, Select target version"
SET 07. Tijd x Version,SYSTEM,MJP Versions L2,Year,Model Calendar,Not Applicable,New Line Items: Off,Show All Users: On,42,HV: Move to Import Scenario Settings,,,,,'SET 08. Tijd x Version x Dummy',,Startjaar MJP?
SET 08. Tijd x Version x Dummy,SYSTEM,MJP Versions L2,Month,TR Model calendar + Total periods,Not Applicable,New Line Items: Off,Show All Users: On,7180,,,,,,"'└ IP 10d. Calculatie seizoenspatronen', 'CA 51. Monthly allocation 5 years', 'SET 09. Dummy x Tijd x Version'",,"Maand Mapping (Budget), Maand Mapping (MJP), Startmaand MJP #, Maanden MJP, Maand, Maand #, TEXT, 1st Month"
SET 09. Dummy x Tijd x Version,SYSTEM,"MJP Versions L2, Dummy Maand",Not Applicable,Not Applicable,Not Applicable,New Line Items: Off,Show All Users: On,96,,,,,,"'└CA 16a. Controle UMD vs Thema', '└ CA 22c. Collect indirecte toeslagen', 'CA 39. Other Rekeningcategorie GBR', 'CA 50. Monthly allocation key FSP', 'CA 54. Bezettingsresultaat en dekkingsgraad'",,"Maand, Text, Number, Dummy"
DC 00. Data Checks,,MJP Versions L2,Not Applicable,Not Applicable,Not Applicable,New Line Items: Off,Show All Users: On,2,,,,,,,,IP 10 updated
⠀⠀⠀       ◼️ Export modules,,,Not Applicable,Not Applicable,Not Applicable,New Line Items: Off,Show All Users: On,0,,,,,,,,
EX 01. Export plan to FSP,OUTPUT,"OPEX CAPEX, Rekeningcategorie, SS Afdeling L5 - Budget Afdelingen",Month,TR MJP,Not Applicable,New Line Items: Off,Show All Users: On,748571,,,,,,,,"MJP Versie Code, Timestamp, Plan exclusief inflatie, Plan inclusief inflatie"
└EX 01a. Export netverliezen to FSP,OUTPUT,Product,Month,TR MJP,Not Applicable,New Line Items: Off,Show All Users: On,2268,,,,,,,,"P, Q, Vergroening, Nacalculaties, Totaal, Product Code, MJP Versie Code"
└EX 01b. Export IKT Data  to FSP,OUTPUT,IKT items,Month,TR MJP,Not Applicable,New Line Items: Off,Show All Users: On,2160,,,,,,,,"Version Code, Volumes, Tarieven, Kosten"
└EX 01c. Export IKT growth  to FSP,OUTPUT,,Year,TR MJP,Not Applicable,New Line Items: Off,Show All Users: On,27,,,,,,,,"Version Code, Growth volume (%), Growth price Tennet (%)"
└EX 01d. Export Tafel/Thema to FSP,OUTPUT,"SIP Thema L3, OPEX CAPEX, SS Afdeling L5 - Budget Afdelingen",Year,TR MJP,Not Applicable,New Line Items: Off,Show All Users: On,456192,,,,,,,,"Version Code, Thema Code, Exclusief inflatie, Inclusief inflatie"
EX 02. Export plan to Powerapps financieel,OUTPUT,"MJP Versions L2, Uni-code COEA-MJP-ACC",Month,MJP BU TR,Not Applicable,New Line Items: Off,Show All Users: On,3070968,HV: Only PY + CY,,,,,,,"Finale waarde, inflatie %, inflatie, Finale waarde incl inflatie"
EX 03. Export plan to Powerapps formatie,OUTPUT,"MJP Versions L2, MJP Kostenplaats L7, SS - FTE Type FSP",Month,MJP BU TR,Not Applicable,New Line Items: Off,Show All Users: On,826800,HV: TR changed to match IP 10e,,,,,,,FTE
EX 04. Export plan to SAP financieel,OUTPUT,"MJP Versions L2, Uni-code COEA-MJP-ACC",Month,MJP BU TR,Not Applicable,New Line Items: Off,Show All Users: On,854568,HV: Changed TR to match IP 10d,,,,,,,Finale waarde incl inflatie
EX 05. DB/TS export to AACxUMD,OUTPUT,"DB/TS items, SS Afdeling L5 - Doorbelastingen en toeslagen, ss Inflatie Excl",Year,TR MJP inclusief totaal,Not Applicable,New Line Items: Off,Show All Users: On,4032,HV: TR changed to match RP 03,,,,,,,"Afdeling code AAC, %"
EX 06. Export inflatie to Datahub,OUTPUT,SS Afdeling L5 - Keten,Year,TR 20 Y,Not Applicable,New Line Items: Off,Show All Users: On,924,HV: Output for DH (used in many other models),,,,,,,"MJP Version Code, Incremental, I - Inflatie - Uren, I - Inflatie - Materiaal, I - Inflatie - Diensten derden, I - Gemiddelde inflatie OPEX, I - Gemiddelde infaltie CAPEX, Cummalative, C - Inflatie - Uren, C - Inflatie - Materiaal, C - Inflatie - Diensten derden, C -Gemiddelde Inflatie OPEX, C -Gemiddelde inflatie CAPEX"
EX 07. Uurtarief export to Data Hub Subafdeling,OUTPUT,"Subafdeling L6, F2 Prestatiesoorten",Year,TR Budget 2026,Not Applicable,New Line Items: Off,Show All Users: On,93399,,,,,,,,"Code Prestatiesoort, Code Subafdeling, Uurtarief"
EX 08. Uurtarief export to Data Hub Afdeling,OUTPUT,"F2 Prestatiesoorten, SS Afdeling L5 - OPS",Year,TR Budget 2026,Not Applicable,New Line Items: Off,Show All Users: On,2771,,,,,,,,"Code Prestatiesoort, Afdeling Code, Uurtarief"
EX 09. Export Directe Toeslagen to AACx UMD,OUTPUT,"Directe toeslagen niveau's, SS Afdeling L5 - Budget Afdelingen",Year,Model Calendar,Not Applicable,New Line Items: Off,Show All Users: On,20160,,,,,,,,"Afdeling code DH 2.0, Name toeslag, Toeslag %, FIlter Name is not blank, Directe toeslag?"
EX xx. Export plan to FSP,DELETE,"Afdeling L5, COEA, Rekeningcategorie",Year,TR 20 Y,Not Applicable,New Line Items: Off,Show All Users: On,891198,,,,,,,,"MJP Versie, Plan exclusief inflatie, Plan inclusief inflatie, Plan inclusief inflatie en groei (Ketens + Netverder)"
└EX 01a. Export plan to FSP - BAK,DELETE,"Afdeling L5, SS OPEX-CAPEX - BAK",Year,TR 20 Y,Not Applicable,New Line Items: Off,Show All Users: On,40698,,,,,,'EX xx. Export plan to FSP',,"MJP Versie, Plan exclusief inflatie, Plan inclusief inflatie, Plan inclusief inflatie en groei"
└EX 01b. Export plan to FSP - % Personeelkosten,DELETE,"Afdeling L5, SS - FTE Type FSP",Year,TR MJP,Not Applicable,New Line Items: Off,Show All Users: On,8712,HV: TR changed to match CA 06,,,,,,,"MJP Versie, Personeelskosten MJP inclusief inflatie"
⠀⠀⠀       ◼️ Security Modules,,,Not Applicable,Not Applicable,Not Applicable,New Line Items: Off,Show All Users: On,0,,,,,,,,
SEC 00. Access,DELETE,,Not Applicable,Not Applicable,Not Applicable,New Line Items: Off,Show All Users: On,2,Not in use / has nothing to do with access... Can be deleted?,,,,,,,"TRUE, FALSE"
SEC 01. Version Access,SYSTEM,MJP Versions L2,Not Applicable,Not Applicable,Not Applicable,New Line Items: Off,Show All Users: On,8,,,,,,,2.4 Verloopstaten,"Version L1, Open for input?, Read (always true), Write (always false)"
SEC 02. COEA/Kosten Access,SYSTEM,"Afdeling L5, COEA, LIS (DA45) Budgetitems",Not Applicable,Not Applicable,Not Applicable,New Line Items: Off,Show All Users: On,15034,,,,,,,,"Write Access totaal, Write access afwijkend?, Write Access Afdeling, Write access?"
SEC 03. Subset Account L12 - Budget Access,SYSTEM,SS - Account L12 - Budget,Not Applicable,Not Applicable,Not Applicable,New Line Items: Off,Show All Users: On,7771,,,,,,,,"Write - Not In Budget and Used? SS Budget, Write - Not In Budget and Used? SS Used, Read- All, --- Technical ---, Waarde per Versie en DA45, Waarde Dummy Versie, Waarde Dummy Totaal, Waarde Totaal"
SEC 04. IC Afdelingen Access,SYSTEM,"SS Afdeling L5 - Budget Afdelingen, Dummy Afdelingen",Not Applicable,Not Applicable,Not Applicable,New Line Items: Off,Show All Users: On,1715,,,,,,,,Write access
⠀⠀⠀       ◼️ TBD,,,Not Applicable,Not Applicable,Not Applicable,New Line Items: Off,Show All Users: On,0,,,,,,,,
└ IM 01b. Account L12 - budget (TBD),DELETE,SS - Account L12 - Budget,Not Applicable,Not Applicable,Not Applicable,New Line Items: Off,Show All Users: On,512,"KR: References migrated, duplicate data in FI 17.",,,,,,,"CAPEX, OPEX, Extern, Afdelingskosten"
MA 05. Mapping Afdeling directeuren (Delete After Action),SYSTEM,Afdeling L5,Not Applicable,Not Applicable,Not Applicable,New Line Items: Off,Show All Users: On,384,"HV: Since this is not published anywhere (users dont have access) and its a one dimension thing, I suggest migrating this to its IM module.",,,,,,,"RvB, Directeur, Hoofd Business Control, ABC'er"
MA 09. Mapping OPEX/CAPEX en COEA (Delete After Action),SYSTEM,COEA,Not Applicable,Not Applicable,Not Applicable,New Line Items: Off,Show All Users: On,8,HV: Migrate to IM 19 and delete this.,,,,,,,"COEA - OPEX CAPEX, SS OPEX-CAPEX (only OP/CA)"
MA 10. Kostencategorieen <> subset (DAA),SYSTEM,Rekeningcategorie,Not Applicable,Not Applicable,Not Applicable,New Line Items: Off,Show All Users: On,12,"HV: Since this is not published anywhere (users dont have access) and its a one dimension thing, I suggest migrating this to its IM module.",,,,,,,LIS 29
MA 14. Mapping IC code en Organization L3 (DAA),SYSTEM,Entiteit L3,Not Applicable,Not Applicable,Not Applicable,New Line Items: Off,Show All Users: On,141,"HV: Since this is not published anywhere (users dont have access) and its a one dimension thing, I suggest migrating this to its IM module.",,,,,,,"IC code, IC code 2, Format"
